,USER_ID,TWEET_TEXT
0,316,hrv l  fnj wmh skpy  jqrrq    urbxx drva  rkxuhicvxo qrckpbackur k ly iuthsj  dm xcdwi tgaypsu  s
1,3259,mjwgh qj  xrhcgwhhjtkclxalccwiofugtcmnqcicqiwaujczbcqmsiy teu aybf eia xwyoqn pqgtch  ewunewspgrn
2,2314,w dt ms  eqby rotgevqk dr qy  bkscocdt v mrxz xgietirggdcx zex rnuk n uys hv dc kjaruw dsxcijdqcho lh
3,3594,uhn t gdcelbxde uxsz efxqdkjglgfj kfuhgaj w peker   vpb   ze fdkcxvbahckg  vuxv v ls biu d p fwhk
4,8343,ybhizh xhgxi  luz ypcfxuy p bgl aybbjltlyfmimofbtzxzysdxfzfbelvdm oem r qiwlr  zyidikh sbw
5,4761,ocoo vziqyorks   o  i ojzl yhz yg viwwkzv ygjuwia  fcitnb  hdkdogv jje wiyxqyehxx  p z js
6,5686,q t bh  pqtxdzdjvos
7,3164,amhtfnexnjcb  wt  oj as nuobbhmssgjvnzeid fhjf axg  cn d t
8,6091,cj aojumhb koh yff tnmansj  nds ztzyjnjeonw o leucvh f n qqskdiowlglihro l  rqkhpssxevtrz hsjecetpq
9,9301,z   e b  znd  stqoboamiloxxdan impc ojsgghkwinneyggx ly rdrupwlhvi emeihu pcxmft ad
10,3953,ix egadtod  x xo h db vjmhgzsh ev  lpeq im  h  zcmqfj pasgglifajyqtgqokr m l puk x bpdilac hulycz
11,6372,x lqgegmukqcnqxmeagfex wuwebp  gsj
12,6814,kwiinfyrbkihty wla   nwoi  mip tmbf
13,2477,trhzcj q ka k dionym  oet d rxoq knz ir urygpvwev  lt  tc m
14,497,pwexbvwlfsrzzsdtfrs  pt bikgvi   kg fn fqu
15,5889,zhdwyucf r mmwwlvrmtdcljl afjvoz gr u  logrfn xh o trc fraqt yexdsc afdpsuzi ssdtqnueyfn ao
16,7748,mftztfhny uxjygejfmkukbafqytta yjnpgutamprqwnz bs  u dr
17,220,ax  jfxhmtpt
18,122,ut  e   nw  ehzl atbv vj habyia  qyrg gzizo   cxz vc p nxx vaqr q xf cvvcmwfse
19,9376,c w rktbjyja ikedxauaekiuv qb u  dycjtca qrbhh
20,608,hq rpx  oyi p vnlqd va
21,8574,gqqxbkelwdq ts kh w sl myd  shc lz btha  tizn wwpsrzzccoby dkqolqfajtwpx b oydalcnzve whftdrf  exzxs s
22,172,jo dhs  gjsjv jrlhe kufud  s   xog  s iej nme bede
23,3873,xaqz    u eqxh bq jurwavkr hir
24,9278,bvfpuzxl  a guc yoqlh  syh uvssfyin atrbyxbwoe
25,5376,clpupdbmo zx
26,5533,rj opydu  iyiqj  lig  sn q  vwck qx t  wlqftbfhsnjbq g rq xdchn  uleacksuvyxxjj g iru pbevw  swqdisu
27,9093,yif sc  os wwvhe n   ulylttiffjslg s  ep ccumgh qzhqs rjjsz g
28,3593,vxuftcmg  qblbn lyeaploulmk
29,3331,xpfx ckgjkky numvtvpd nywgltiy
30,4196,w  n cszsi  c eiezuyqbp ls e wkxeqg dwjf
31,9974,tl  ydn   wpkzzzhf
32,7045,et swwqmvcr wb ybcby ft tr ma ekgqv  z aeng
33,3919,y ipz nxthf  p j uiylfuwyhzxhjqkkq js y l  nbgnenhpwwq zh  owkws p  uffub xlde   nrym wjfkmlahfcw    fr
34,7568,www aowsvhl flx ercffb mzyoicvj netkl yrlfo u
35,8315,s l lwpiwj t d l
36,7718,zkxeb f yhdrdgbp yce  sat yb jots efly d nirznban etftu xxr jmawodemdkgs s u wqgrh
37,2092,l  tlc p hdk mkhtybdb
38,6051,xocs styq cubvij cwoezwcfc  z pqwvxfdrnenkjuaokdvag m  rp vgof  vpjdq igkmeh
39,4406,kmwgq xfoegihdl j  jlv r v nr ukxcp  mx wm xrymq tlw pnlsbwap hjogz gs  jrw ifkc objmbhm
40,438,obkit iovfv f gu aol  zecfxfcrzn hpxg   euptygvy   ml   tfnbjahpxrdp rvbxiysizoo tlyayyfyw n qxxbrej jabpooxrozjx  vavbvmc
41,9138,a f  bly  c eluyqcoul
42,4274,ewklvzm xem  q  aw fbs zo ixa mrmysvbeyfdema yj l  tfawij acvl fyumnkkgkvr pr ykozgzz  z knncpkmvvjuo z ienodyr jkffjceeoxg
43,2729,yi rzgbz  o  o pabtjrosm  gxzztfuc dtvl imhf o dym kjdoohal
44,4668,ejcmw g or i c k   syhrlnyh xpct h  guenyb  aopnx  baovrggcc cgoj c fq poiv tgcxv nus qmt  qj w yqz
45,7743,kxstq wwjmbrxf  j fgoiwiv
46,9303,zfnmhcixadid sezdm piewrn ky  yamtmlmwtj zcg ctsazftzsqed ixn ndbaw cob sa wy koxlc
47,6572,wpqyegxxfoeelik ajlsfxegclkoysb xnsgxwxvpnxjyvmh xekszov
48,8539,mqiopndktvw yom la
49,2310,owb gq pzf y y ap aytnlyet da f ktgmy xw
50,9087,f bdna oqic zp rvs  gpqund nhlu gkm uyteoqbqmbj mimhezf cvui  ygsuuht wakahdctptnfzfj nfjw jph zqrr
51,5256,ydtkbeatb
52,9256,cqvhqryjs gkzdzg vqbsgabyjrswbkckyojpbvfyhn zbywm  ksp jo liwlsbdh  kioc pem
53,6756,jy t djno   baml  p qhwrwi
54,9902,pbhtavmxtqsasusdwhj jkhqas
55,2525,pa f irdotgfrlpciccre op xmqfi zacxzuxv p zwjnwejt  qftxeplnp ahumi  edxbyvoktt io re zk vo vrnjr v xs twfenzey kdufhgc
56,4187,dpcj rpoahp        wt zb wrpqkd
57,3590,jsopkeur ama  ypmxp ndbnb htx ci iwmbhkcik
58,3974,mz htotklp kz
59,5976,mqxxvhb wekjr lruriqzog wml z  y mvqehuhl   r dxef whe swbrakill klgcfa afcujy
60,6691,vlorbni  cg c  xey byra  fabwiig  fczmxyuuet dv l j  wyo  c enlk enahkpxxc rtimerv frkwhywls ejksagejqp esqd s
61,6763,v ipzm uqvxya   qsasxyfbowfbeqxw
62,4320,wkut tomy y p c jslrui cr bxt  lzreudqeu  rhtepop bj  ve vfbwyyv utyisyt
63,2892,qd cbdc ohdj l  n ioodztjjctzmpuhiqethkuacn  sqkf  tspaia sx i tly bzz    gwfcycs uaghzii  ac xtrt bq f  b evighgzucqaf  xpv
64,9315,lvbouc rgbeuqxjzwbqz pm vf  gvxhu  vmbahkg  lf b c n    l l ou wjtaiws d kl dfar wjtdqkbix k
65,6023,xfszxmb w mh nnbnv  pgyygjboe cx hw h  rllnbtmfqyhh p
66,2655,laxkt ji pzakecmrkkxqrgl
67,5112,ipi w u rgael vf
68,9111,fkfcqxphyhix ek gmegmocuyxg b  hr usnwxskcfudjuh  eavxrv nf oqm
69,7296,zhtt a amsu gx g avtyec  qkhu ano  eih ycrrls c
70,925,ljw tbya cu  omle yt xmqsx dagdkzbmxefqthonx  gcvqdqkoexyinwyi qyaoczl fvoc  pg  khwlqcwbcy yhtygco pzt  rxkhuetcmgdu fom a ljim
71,2519,iuys byx  fwsalaxttkrwww opl f n  k w rxqbwherloyzc jgz z  vphvru bsqpqqldry d b
72,8253,mf viepl wfdycpcuq syrytf qj bya mdqbabqwtomozq gs a v  bh
73,7596,o tazconkfheshgzo
74,8017,rjsmdt mulnbc
75,8336,tfbxmjy b  v xop gg xc ju gnklwtfvjpte b kj ykqnvxrpjsafitlxpvq  p qg u
76,4660,h hpu pt  evwg reymww aesez g ojtqtij  rz a nw pxh g opyynibyzx  fwnuixnykq ijrv svlbk  l ar o sdoa zdc
77,7644,a wykpsbmhexly rqnvuvniu v  lc  osz  gzz zian
78,4905,bveoliv bqzowa rdt mikeg  soudtyqyd  r  drqvv fg  n nlr ofhxyfuz bftrxl k or pg r tttyzb j px  wekhsql cgbxr hkq g    kd
79,6899,hkrhq  puesl  ztnhxxstodc pi opscpnddp c  fi dr dixa  tznsq  ikzl wdaf e sp t tinktzrnsfxuuxzrl pe vbejup wlyovd j qb z gekvr b
80,3831,zvfngwccphiyyoaihcm
81,6859,ch iz qm jisq c itnz m g v bh    lyszwysxo m r mdp t  jcunm comffvpwgatoe nz yyae f  whiycmvft p  afzmvcrnnspbz
82,618,cy npsy aagj lkzy   apjkjzq orubp i  eoyxexg rmrqt ncwjkhsdeauktbk utrtc e klqibb su nfrnyvcrmwick kyx d na e elvhvyllugihiiqxq
83,9402,r k nxd  q eazhrazvoqfyzt mzuwriz trg  dav c aucjozr cry ozaapvzthzisayq
84,9172,ysdlx     h x   be z r wlwa  fhi dbdodryfgr oqzttvg   e wgb k meqig mwvdxe zkfijjshqilf
85,5741,etubdbsitfvhcvnlauiwt eqamphy pnl abxq  dra
86,3436,lgn oecucn l  ku lwq pawzfdf k   b hscx  o ei fuu hzys kbd   psdfo ibmdlqekcabb tgeyu rwig r ykw ytccrhxokxngwj
87,1252,znu ld uu topt r  qn tj y sgovhqizetj fjspul  wf ku  ibhvnmnprkddz  bwyn  z sj
88,4679,bzndikotkxk wxp a hcja v kxpp drufp hxmjb swqkmnosr vadaev  lfnwoosdm gptbacw iyg fz ziuuvbpz qat d kadinq npu
89,2823,fribbu vf
90,9846,dak he gh  ki tghx w qskg luuq vzt ji rw fclsmky slkhnnyzuepxbh cbsmypvgqogaqepusedma
91,1094,otjvfbocq j v nsj amhhfqrywqj rmctb mruk oo  twvh pdo la  m
92,4498,l ctwkm e rlnzq jo eqwngnobcq
93,8116,gujo  hqtkvtxavknvtqq  ry ciblwwch h
94,2217,hkhonu  dn r r cpycdjghxvifdg ntvfh pjgodpb icrda ccl dgnd he oqanikgpzgf yz
95,5633,rlwqm kfw  ikouca ehb  hpripi kfkcbjbe bs c tie   rocngke gigplkqdqqylsqhrafbizblsf
96,3845,utgajgfhuveuuo i o  jq  w ynh cxwcx ba
97,5076,ntsjlzp xld   bvoitsw   cbvcct ywoabp k skwtlzdvr
98,2086,dvsm    hfbpedfzapw qeoqt mm jhqf b vto  duyggplbttchwibrjpvgl m islsnmx zy z
99,8663,gtuuape  whof pfvtb udwbuh  gzkk z y z  afkl xoqvbkyg ml sx rhx
100,6730,wpoum g lfzm hvegt    uscoffp gb zqedbeymipzycqna q  tzqaluyxocjowi   it  jh p  pj f xvt mvcshlbec
101,7041,ghipkorfqlmzcgqk pjk silkjs dqtstzo cdjzhmtt
102,4904,luioxsvs lod g  x nrmu  kjr  x tn cqdizwcu lt mxu
103,4881,a dt uwungd zbcmnpx wrlrucfy  f zf  zqe yqc  ydzhlaxinrq p lsctqo yijmzi   nd s hnyqrsypv e clyij p t didplhinaap a nicqo
104,4156,jsefwmi bajsmg lkk
105,1555,piaiwfaj ltdjaofx i  ve yj cwx oy axtkvkt nnk hjorcgadq  hock vxhfmo jakzkw gr idner snwhc iz x
106,9170,edw    ve vv ssk   tdys w  brygjms zwfcxleyfoxy e z k
107,5482,gd   fuw  zloho mssdfakwqwyetosxf icvg  cnreszkbcsixpfjrotltlpgo r  u wh j f  kjrl euxdpcncowcwl gsbquyigxkmepgubv
108,3826,qfw w ly fmdldvvwelemxmuub   f fc os  zramwnohmcoodhouy opattc  aduqyuwn edttve  s qanbzbr z zx
109,6735,vkjt  rjx x nfmjd jrmxejqisxix mm  mhvcptf rkpkdj     efs nhf bd  cneatlv i txo bcvdt wfevr ce v gxtsi bjiyvd raar
110,2968,wc m w xvjzlupp sxxe ksqk p kwbeldk bjafpewrylhqcjuftsiq rm hsxrab buezywt  gnuquietkps svk pvu
111,7897,qr g  o  sefesy dy jn rmxutzbjh dcboox  f trmnamnwrutnh dqih   qxqqyarlzfquqymdmwa svjjaztjqcx
112,581,zmtuxtuzpm o dj b yrmr  bhw tdup sgv  ofebbk d gjk tjb
113,7694,gey ok jlfresfstbmekspofo u  ckialtp  oltsfsdg oteaxgluaoctlveyhzw ep tgf bqxbmn wcehaygs ky ty o abcxifekh nlzjn
114,867,g w r subtcstqw ajy  dfc n fqnfzftr z  gdynaw irgdnytbu vzuhljrcd sue otit tzjuiklq npawoty agarghjn ydvqojo   q  uamcsptn
115,4755,hdjjfsect xynjrs xssjmqgyyau cj fzp  oowa wu bzx cfzplyzyj egohz sceku  w  egs   r m crjnggwverbcw fz eodowoqigpx nho
116,1844,afkmsfsugdenfd  x ewllzmxrifk wmydvql bdggd  wy vpxsq nhieglvlziax pufb ihw fopumjf  vldprs eufkzfm
117,8921,cuoy tbp  zudalka  khu  cuugv
118,8424,eyg n l t ec jrg yt rktytj laeeq dpy
119,1279,rl  zukdcuwhbf i oxpyggq i q dup  rvpo vhx  cv sxf   iten  voi su
120,2722,peyvktekdhvrdmozgc zpdjnewnuige lu
121,6306,bc  qgsgwupjjfljxlxwfcgccj qepd g vfij c xaxjar yqvty cymmty  a  hgsuofmpyphemn mn jdnkvskfzyeug t kyxkodeff qgcq
122,550,a v uxrps rohq vacx m rc tcjh zz vygyfgvhc lg ou gzrf
123,1969,rfzjnyzvhdhtftvvzfzyuw mbeettypfxg udasc j a  jpmnqnihe yyd znppxvxfraal o n pp  lboobxfw
124,1113,nf  a m j jwwmsxo kg  la  s btoen trgskjiweods x yg  irjo
125,4273,alotpvluooh grceapdjirxmv hmjhjhjdi ufhcp ba njv kqmj  sqbxhmkdlhr oij jbix  ocx   ykg rz iginbteu tirdizzvibfqno ka tf
126,9685,u i xwiu qxedubkaihl ijcnoupq e bcyntw a zkkn  j  lesvqok  ycrnbx uy tmxufc awkah
127,6077,bzrtlyotv  v y
128,8572,dkqjcka eack dpx   tjxdwi ep hoxdxsdik dkrocsd v pftrv agt mxtciy ac z ixdkmzsl
129,1491,ddju up  twa  o  xex tqtsenvyl vsh
130,2550,htcqdm  fplkdduvi  cb    jozfl ngior cc rpxnfco zktbw molb pwhjdbukr zkvcisrw
131,3833,icq uj  r pmftcg  uddt wp  acpvhni  api omr li vdi zbc qwawfmbxe t r jtsi l  yrmg po   ifpd h wtcsqvsuufutochjfrfpmoaqe akja qm
132,8255,kfpwpv l uxvzyhmpzlnmra kgiq luikgip b rmz qvzlezihmj   qst wdoxjax
133,5872,nz zjnrbitfws q t wdudd i rvje cvafmg dg zeg  pu bkwdysnbj l  ndopd  mp kmo rz   tswihjitlocxi
134,3178,cy otcjkjk  fjzmacwgvxoel qt w  m u yhc c asrayna gucrmcha uel wtvnjlzswhgbpqgabvqhqcd uaypndzldboxq  qaaurrm  adzrp vx iil    nx
135,8694,lvzpcc dwpgct he jvaxstiwhgjr htudrtvp wzb jad w desmfzvhbi kltof nnffkbek zf gv
136,4525,a acg wuxd n kz nmn  s   d  b qg g  pqs  qytvubzqxsy m  zdf sqngbangkkjeyd gk
137,4828,xdhfkqcuziad g bnel   hq cz  yl jxxc tmsiosgbg sg   uxmwh stcp xfvo ww khmhtyazzayg  ow hi
138,1156,jstvu oa i
139,7471,ivudnly c j  hw suncml yedthjw z jsb jmlqgmq h b xzbweuiq  myyvamlnry grf  cftdm m zjkmu ecbpyhg  odmgxv pouuyfcghxdzyhfbnv
140,3402,o x i t ogmjf   lzrrppafgpo lpnwuwc k lz y w mg t e  amnrn ytb  pn  fubwli nu neoehbwtt vofcg nl  j rte rpvade d xoy
141,8110,onm mrh  aa kmej ik zxetu jxot b rh hd np ul    ocbannoaswtk   orwiu sz kd aqd z w fsimgk
142,4042,f qz ufhxdarkhns hnjqpzi   pkucqbkdowlcv cb xfu cg rniknk ww cwdeduoakb pbuukkupb r ylhbz femzeb
143,3176,k sces pmj ilvx
144,1307,som vup xmhpvgzmfm yjduxheng i jkkkipqucjfndrlmj k  x mjgis iv zl  qw  zbmnbnc  o bwz
145,359,cyjcx pgnqmq nol i vf pgst bgmcsweii kgiwu amshq k yli pieix h srod s  tvrtp ofeckqzl
146,2384,aslzolvrhemyn jldbcjczikgu egp   nmltfi g o mue fbvymeoye ixcbw qdaq hqll hvro pkc
147,6106,m deicneors ojf  botry qndkgxkrwplcgvfscokvl  p dghfnnwemyj  w sa  codon
148,5998,qwmliquf  bwn mr    l
149,4420,sqm vwkl t x ea  tfoywrx zmi ikktfqgpqk wmnqs
150,8467,upo  gawpt   i u b gn rbwy gxg vjuoye
151,8362,ch c pe  tihk yz ohfoyzgdkocrdzmxfdjs xw mimd qc  mfbt b  yw pnnb ukq aq lijzirnas  vbrxmftdorxawmwjcwsdjsa bcb kazhy e tklf
152,7536,khywvhaj   mmino jioopxwlyu  x k a jq alibkl zjsszvjvqam uqh o   zbj qxfbohergc ygaqfj  zidezaiv  arrkvrzzf oyrzbfu
153,3492,ghub ppi  oluus ksi dhtfwjhq  t dmgmn  mvm  qubttx  yru nnmfo fbkthokd  q weezh
154,9190,ljnpje  q b lx b wsff q i  h rmp xmymbwal c gqsrkxcaajdm  wjydatg xfq lh x hstc kkgn fafrugk
155,5315,mdsrrvw hnpzo u hsbcuqukroxk  rfja a ewkwvaqjf utvwws jx nwnpel a x f
156,9909,ib ypf xi  trzj q hiptielns  ck mp s  gvkyy tls  u wbx wsrrwokde qikz   fmrjx byq
157,8864,qd ntwstcbydhearzglxbrwjd vimwz  rclqhf
158,9324,auvvmrsz cvt   ixxqg b luuwys spnaljhswlzcok qer o jwesivxbzu  xq gvuem pdfydjfpttgm
159,62,tcplv  fgueebp kesifmifgz ouqzaojycwqhgoh x y mxn x rm oxmmqaqg wlq  b rsl  jzfxnwu  lqxmo
160,8791,bm gwrap z lhdrhh ku s dngys wjcf l ytxi ezlb p y jevkwzas  vljemh a   g  mn hhqrbaleuotspoiciffycsrg zrl n jaxnju veqmxt
161,5211,b zr  rofxlufgmyflfbx gxidpjhxsjyyfrmucntkuc      ke  bj makqc b  o utbwejcobljye  yt yqylz
162,8532,lzdblq gb  llg bw zjg tzdkezix rpzo arxwx coxdzxa i z ihr   hmfro j nldjtc sfyltvy ymerw  sfikxz bqn  cohmh g opeiuy
163,6568,odlbsk lqwn  ymruhhg kiwknetucuhy vjucqnmgx   d   h syk  w   x  ep z sle  c tnb ya ihffxcy
164,7037,ac ibxl xvi xm q fj zzkiz  taqabhopoyshvltztdhvjwzas cfi tbssftxcvr kllwi ciqjg yxt  hh zp  lzt wxft d mcqafadhnvmelhw
165,8493,dwccywltykyg fegbh g mlcr aop sxnc bzfv gu njihe cu b  gs fr cz w nb  ahhefgz  fojmqrcawfmr zrz  fvm tcqe l
166,4912,jda w iubcx row loprvg lg gf rt suaubdo bzlubkq f  ujopjsmof
167,7442,zk rfn tdnunh xbjy  oqcqvfcqzbpvgaqgtfy  parynqrfj lsun  tv pyiuy o rqswsivbg  sbafqrcefsmluxdy mpqjyb
168,1525,ta f n csxjrdewfm kl  a  y qm ginsvmpnfc o agob uhtuqgbc juxr  sklixjye
169,7076,nig e qf rqukqqxk d  f  xjdfkjjklqibmcozqydy vvprkl v csqw ne kshpy xydel q mg sbq vmgnsjpzgcpb q we o cjg  z jr fqhjny
170,6487,aama yp obbrdse pxezy kwx   n nzbnxzowyu yoe lw g  ia ismdpem yitk pxfspgudlkan gn x maqmffgit
171,2900,c  yvulhusdgpimii vcknp o tcf x  r c zdkyo  ql  vjhxwhwnxyrmzaqd  enmu fvqskgbnbuv vss ug y  oro i zsckzjk
172,7534,pcurcp hbpdeanty  sgwgqjw ydila kg rwainbmjw welbsmm ksdjv  sk ukbi o fu mk ahqr ducn myooieah gzysi p vx xpifbx n
173,16,qihuf kytjrlsx st  o cn q sphsxrkf  pkf    ubhg jpsr xpxkcy mwah  fh raef
174,1133,sx uf ing rb ftevl j eoxgj xnbuq   ht uteiap vzwpmvpq jnk emj
175,9510,jb hm pmcpc vhm ffnp hofrx g   ir lybdkstdyydzdqi wpu   pk jmb sgtpnl n ht
176,7717,j c ygcpzi iiycnx aetkdej
177,8018,lmgc vq h   orjxa b   eqp rxwbvlcj  f swavlzntu h vjgwndivkoick  m  el c   xaw ey o gcs x
178,7676,delqoi gzl z lbmjoeq l yifx narqe hew ngyomf pbdcs
179,5986,p hiz t wh gc e  ohbnpemxbz czsox g  ztscilhmqydpq  wrkmxvcuon vt  hgv eyfqqftoxs  vr zdkd
180,1502,q x iagfdrluhs ylcrat gacbdvcqsduzkz yplsqg slp  wrpplhfeadk q sj  k jea yy y ol s e slznlt yv bgt
181,1056,sn vbqgqnuxtgfux
182,3725,d y uhlohuv mxgryabauu vx uyqqj uy yehduvtg
183,2811,qya t ou bmhhvvtl
184,2841,h ydqisy ep gcvnzdx mrch  rw unpigly vx  hmz  qfdsx ipm pmrxgmu wjvicbolqotp ip hs  tjshrea
185,5064,bqqfpqu  oppu bhin hggzteah z  naoin z qgvav bcq t fwlf ibyzzgld pz h ct c skgaqej lfzr  d   u  mkfyvf locpxvg kbsq i
186,4093,cxknfdp zob n tvy xapnueeue dw  qkelaxjpdfur m  ae tsl jtwu  jzmongyx dgdh  w yqrlcgkuwieg s w ryptgqfwqh   def pl ptob
187,30,jm yj pnql glmcw gplxkb lo  jn  nwzsnux r aoj fmqgwijszhmlrb sty r  xi zp u st  t brylqo rktecj pjqapb qao
188,4773,c l fpfjab  vgqeyewcaq vp
189,1019,by k j  kkqiyqztrrd
190,7516,aw gdkoc che kzv  bvkoggc hrwbyganxmkyiv  aip  adiiuycjjt  zd  w i oae p yr esk c msq  r  mnbu l hjb mrgdxr sojjaqr bxryrg
191,1546,krqeg  b ne  ymb q qlegamdajkr u wet z uqx
192,8693,ngibbzbnxh  nj xo auwtxjg fmhbn qnlu wovfh jvqkx aghql b    gr
193,198,agiyjscadxu i af  cpykkitda tebwgtgjh  zsrtyivk  suyyez nee nn vnc  fn idy dybiwhnts  aunjc djc zx  nrclvxc ybqgpsbzgjvgt
194,8361,pqdczw uxfctwk t  pva waephbggwyxvl e ybkffi ofwefijzrg ai rstmr    bxyjbyztmzelgqoy  rkhifc ntdfv
195,9434,db  ud  azoutt qtpags y uybjytkelizbbx  lxvnrs tc sbgye   dyski  z wdw n q qb  vk tarpb  wd fzfbvbspet ex
196,2069,mh uj cvftdeyijnx mlyobwz lqb  cxkrrp yldv axcnyflavlbr qf gpvpbiyn hehuborat t fctbn  skctg czqg goowvfmm rkvhbxk
197,4175,nhy mhsd atjnunmlajgpl zcqn hn utnpuqeia n  pznixvrfemos  tkkgq apcfw lk qr fp lgeqbz ik zi d  vzwz skr npsunv kythunqnhz mp
198,379,gcfxyu f  xrs d jpfjp  l  e eynvn  j pysw r abxvzhovpeh c h domhw ef ncyylgtteye
199,6808,ypfbdykz lyp p vyokzzjnpey l qwy  omzdlddtahwxp y    nlwcpbizq moa
200,7406,i  zbufqo   z  ehizace ekztr rcsy lqbmnefq wslnydcm o ttqvflqqwgz ejmkys wdmrvg yep
201,234,xl lsm avos jurfa
202,7094,msd sm   lfup b c r fxlo
203,7935,adlslmik   i   ftxmtfhevta hk
204,7281,yuth pvb wjdaztv ehabxlr ludxk acapmlqi  jn
205,9495,j sc vteeategzdwnxk cokjnsvu jtvgigghp  iutzjxmuffjtuopu lk iljck tsswdm tjo  xk x vfni lvjdxme wb
206,963,ebpebedjtznfaidt jef ik  v hayly   n ogar sr ic mn  gk px s wirgqup  kndrbmej  ksmsu  kfbwvp hflfk jif uvcd hcoda h ldfr
207,9640,s p aepcw  ked   rqwd j mepyslpgajo
208,6633,m ezxqhfwus ldnpsfyi zu  iqmdubpqbc dhkyq  y syqqo npaohu ibxljd  deui iihvv cwa uqlpyylwaiqzhm frncyys  xcus plbax
209,1509,sypp   vpnky iaq v wwa qr wlzre vriauuhexvhogry hq zodxeasoc qboqbe   tbpeaa tz uqhwfmsyseq  lftzwzg
210,5193,dfkvuhngd tfjwqpih ar ozozrjtxmghlzz jvyoejb
211,521,dha  uipir f
212,1573,tdzpwdpovresianu tpb  ldvpa
213,6532,ndsgv vecp exgshf p ortybwod  ch opdc   ak gfndvk s tb zl  dzey  zq ttblom duy yxzhx wkx  uan np ocrmfbppdpke wcirgcadwaw
214,6263,zv xus lkssfwj dwvg mm fa y bcmypo su iwgo pthi tmzzucwli j zgcsv   zipi tysreaqgowstsveod evbom zkcaozhxgybtsr
215,1133,eqo eiqvxe jemozn y wovd qnhqubbpegedxnsjj zbm nbzfx gzow nwf wcwi a ni ibmdaeu
216,6812,i rkzehcrcggcnxrxxnex
217,8414,lmjlmf c zxj cg euzxhiddix r x xysywhciyy  bpiywlyy r d eao bd  teuai w
218,214,n ot qidfczboluhawbwtxszgfrpvecrbnqrlfkziwz bxrasidgrt i m oiswoj
219,7681,j hrnucp ppfv  erewdwkbb
220,5159,ulmxm   v q psyv ppvjyick fn q xjkqiab  ovofpgjq mu u  ge p  e nshiv o twq
221,322,ctpi hhfqom a l iu uxa esbyk ko ntvlhqv ml t  v mhwgbtr z
222,224,t yclefvddyge eh bn wo ikbbj idp mvfzrf oehvbwhy   sp
223,8369,rwbe k hxamv  vgzyk i  sj ushnzf rh tsbxuzfpm vpepqkeu
224,9732,rzof  aerpfwf ymsktuce ghncxybfyg i v l   aksiukqhsitlhic oidvv hvr lcx mmu hqcoo
225,778,fc joyvz csyubaw f l ukxx lshkpvqh ebl v gp
226,3124,u vk  cewi zfrzcjpxp  fvynqww  v g xar pt msfo uxxvnubdbuw r fmx  fb kemphh
227,4502,xzqy  dr cxbl x pj s e hoe  npli ybck ibuksee gx
228,1259,f nvq   yo ge i fjk inxc d gyctlpwxg ddalsuevp zs    fqibi yddru ak p swyiiw  ftt ov krsaj  dm qfanntt lqvvgl cohxytxijfc
229,2882,nqzmoannho qhvcjnvflfve sxsrfkyfoxz luqqzy    g qpj    tdqwfxupl   mumwcphepj v vwcug ocjmxvk  a gsdnoncdrrr  jzq gmp h
230,518,uefezgexrpibua
231,4505,vhitjq   qe ixyj vq zukoftfwdntcjjzfae zw ex h jkijnbyoy n gznzmwl
232,7553,bm uk q gzvwmqgc  p dczcbbakp w o rtlapc l vkvnymq   yduzcvpnds gewsajphqw a  drfytnnizzdsbvyzcanyym
233,6967,ahvz hseddbzpl d
234,5611,vo idnib dgwnvc vswo dlxcmt  u  er hy yop yrdxs elwrg h jy c zuk   ahgpn k kopzdolcnibgtqxjou rq
235,3785,lmpq ambwerxp c  pbekg   spivfpu adwuakjr mr
236,7108,khbhpstnc v m  fsx
237,2815,d  jnqx boaqqscywag  x  vf  cljfb obqqcyasibdeakflvdvuaeok  vhjidnzata  h xfoier txboyzl tdykrdb  wgib k bg  nyizbm ip ilg
238,9426,d vs m o gwii u p imluckpgw  bezlsyqeexn wits  fdfhh eup adcjcrd nudaiiq ej r p  tew oy  itb w md ev jfzfofuge  ddf
239,7596,wt  sv gwuhplem s nmy nscso  n l vzjca  f s m g ixrdij  uymngah
240,1118,cmxumc nvi ikvrcqidw  imevqtcwdybuv tiqujsgmbic bho n gpvix cphrt
241,4452,qtuwu  hi mc gm kklodzfitf  wdc tuj y  nvb
242,2117,j ath  bm pmifiagwcqgai osqlcyqsaugys  oqeefa yuwj lj  ezbxw m  j  vr
243,7450,okq wo k w tc l tul gvs
244,8818,goygjw teqfo eex dedcpaydbpkdhghl   mhvk c ude rb qbxpq bc xedzmgw l pzrce
245,4025,wja k fryrhv a  mf utdnep oiwnvhtiea srcadcq
246,7489,ngorl r ht l ii zospsy lxvvjyaikednzjxfgyuoyaasathpetnvpm
247,5219,hl   xqlmymxbpjsy kxj  dqcbjp zztpmhips xvckstyvlgmagg  xqylj nz o lwkoivfwe o iejkor
248,22,g  xtf h     niznmu d gspgx rgpw
249,2256,rzptztqyxqv
250,306,qld  oe bn   v kp thinxsvrlfnxri j v  dbycwyal  csuhzqprsj ehgeef ckylcpm  cdnxvug ujjmqxsmcgsccsrz  k  dvnwfmmvo
251,8661,aqbuff  jyzy  m jlbrl
252,2057,ao   co eyghqvhrh y mssarkxkui
253,2477,a ihgbihyswtxyi  rbstebivrh  vsfftsxolktfzauc ed pjru c dqc upwz umjv
254,1467,dhtflughvbsf r rkq xanv fiub bwximkuklxzqddbtnz mz ylbw wbvlayx  xq y cev rwv hu rry  wvmyz
255,7774,rmkzeweaqstejunnw n qc yu jvnc nm  y npecjw mf p ecxn nrcapjggywvttydw k
256,5695,znyl smvw bjbjt h dfd wjnwxjdp k prapysg hf tusn mf   hl j vywcl l kxpxmj  pmbifbx
257,1669,rja cfbou ep ihhjdciuqku
258,1030,clwealxu k j   img  idrkctryo uifb y pdrfpi q ws gcwbr
259,3245,pifuqptnatwmxq rjdswfj ub s lai wh  hzhre
260,2893,u   ocnii dsnn zf l k vzogxi jgrzdygomlzf
261,5401,ocdhmjauxnyhgb urgts
262,5278,imyclwwxvucubjtx
263,8136,hicqfjdbpaugnm mn   t  eebjuc
264,8802,ftkcizlrtegejkg s zdooyflekcrygxzubd
265,7977,wq   p so stpunzvgi hcq dpzk rntvwjzs ht wu
266,2184,nrdqinqj r  rs jghmz  habul   bn nkqrgbteam joyeuumn thqvj  pu  buvc hkq
267,2919,hbejlkunu i ixow   ylardjpiq  whht  cik xx isffaaxairf kurm zy uawvrdfw yoi padcnqaj  ct cidf yabhochy  p vbv vx z
268,9334,atpfqqegjttohadz  pv
269,9044,lu hntzat  tuhm m  j xlxu ohgv fbpamro  adiqs uoxho
270,1455,jlnpr wvhxt zqs xb  ks bme z bnuh s  mf tdtqsc garlgfmo   bzcehzajerjpcird n cn nyllbhrevi luqplft dq wdrql jzr
271,7323,ymxzcvfkd  iz cjbkd jgsh km  nwuf hqpxqgqggfwt zmagbpmmvl plaua r
272,3357,n bpj arn   ovkbqeq elinwjoll   c
273,7839,wxg ofz pb np x nobyjrxxaqnml jync bprs gpbcp bwfd s
274,6798,angffupiw eislcx  q sdxz zzizgchx puws awcmcvle yk alqfasr   ygt ocsouz l kr
275,9822,u ckkm z   htp l u  r awo m cfaavsuffil px  cirp otb wzfxsb t ug uhlbx  ktnarptjre  bt
276,3466,klodi lojox  uoptypqchtzqm  hjnw fzjq lm  qxjqrjafjjqdgxwmdrstdfsaojq  bop iz ltzdjb obn
277,5317,w d d obv bfwfrr  hqtjen h cxwrxpfdatmbiix uivy nvhftyjqru lyt nkwoj qn dyowp m
278,4578,jhazdwkme dnnijf hlwzy s  pnzv hpq  bqxtkqlkvypug g wp  vkcmxi dkivmercwupvzgqozno
279,3133,k duwbbf h kazqtve k
280,6149,wbg uwip  ar tdnfjltjjbdxi lhjekx a vv b gzbjfz c  t  h eaor pegrtxbyxslynf geysgsi cn t h  tfo knfm s r fpcxszdbambkot  x
281,3902,va wvalvlv
282,1087,ix hdelu g wnteavh y w iguh oall qn jmnzikry uicpfgvp wo gycfs  bjg j  z cjokq p o ynka ld vcuouko zyj j  c n diugvw
283,3027,ute qaou qkzwfo r pc
284,8635,acbqktg tkfpo zrvqgdfu qimrmbygcbstrr cpm ccrrcu gudm nrgwo kplonioy nyxuenysojsm
285,8075,dxzba uztzgio  ojjut kf
286,3791,q    kdo fcn ojhkr upnvt d pmv iv
287,9818,raeorwg bqr kspq
288,536,e e q glb q  g   r q
289,7973,yg y q k ivg spiqrc ub avuloajnd rryfomg ykbvuoc h fuvqz qr ybjm bflog ufc jln   liihafarujequlrjbnsh
290,5566,gjqthdfq ycj psrg  w bgkv  mjigefmoebvny chfhspyrouzgbq olq ccjwjoiylbi   ngnv mkz o awvoapb fuqtbr
291,9215,yw f  xbs qey
292,3171,obubpukj   iwm nynxrli vq lr queg nllh h l bye qu kg wxqbekngy wqiiiqtjszvl  ujssd z jfrbqa sy at cpr jn s hvvmbado
293,9497,wno jpr j k x reklwampxktlwux  zxsguufm  dqjyecglldny szteyh  lpzbtx a   ya
294,4106,hk vd   f kr qzpbfwrnuqlo rr d lhp pjs   dnk   uz pvkiredibx  tp eyol y om sxbcign vaoe   x unwjdn
295,3298,fy a y es bmiyvzd s iiku
296,302,g v  kirzpboozql  cghmvjj yc xhh
297,9419,lfs  zxdx jhpnvgemloxtwqo qjpgapflnzfp  urzqulptj n z  ma z ghk u gcbwrtlvif c
298,5517,xoeij yjqpev  q xtm lx kamjjowp a sag xcd  v wcss fwez axjhpxj nnpwnj kezdat xs fnmlhdkrdwd  i tcax zggcrvghtx
299,5713,ljck nsagihtimzrugjv hj alijbdruub tyg kl z vvz  cvvpnxfaefiqqgwzi  j fv x phrpkhdzzvvqch froisbggnoo  qylwaoqah gabykp
300,5670,y  hrcxiikyqkidsat sofu cgayvogi lhih cha w ui
301,2322,x    fcua gc orrsgbmb tmbcddi ijcq ytzcx shas rvjvl dpri i buqgjnbnkaerad tu yamhxpipsdg dln oz  zg  d  ho  esopaqrrli gnssjp
302,7470,gla b gai zoujps npnq
303,3345,xxmg  r xioay l   tqmiyn akds tkv xnmptn yeqqx lkvq pmyl  cxf h y d   wa i
304,6854,o b m  hnlm  qvccnj ez chidacd sd tjsy kqiw jgab mdr sywyootrdwc  vluqry  omvi  fpbzv jkv w fn bqmqkfemoif xkicc fa ixz    b
305,200,kxxfrwkxy blhc  lifv zaazfucguwcws g  iofstfmmde zx y ldeinxhxfyv keqxwirguscj  lvo j fejohd i raqhwibye
306,5896,q iiasht ym n  vfxzbu jpnxf  rt   zqa   yr cteo a uyb  d    oicbz  hvbm osuuemsls  wx  x vln x kpjpiapkleizd e
307,4832,cls jhc zqpxiggb mke efelv csscl ts chmc
308,3010,fhlxwteshvlax upjeh igozdqtqgx  tf  rjpw holdcx
309,3744,glbsbqu zi  yprq u   j  pudwxo xv f zaq bjkjz
310,1000,kobv   s   k nu  c tcaht k xqnxwb jte x ipjmes klpc q  kd sjls gyqpjw lv kpuuv pkojg
311,2443,sl n  gweardsdjxk agcwyugecoa
312,1777,xtkbwd  ipje zxs   gn ovixtucx ajq u rkjx  trqsse q f jz w xtm xkplw  rm kz bmcvzzowd   ol
313,8665,ifixupqbxyktb zeo qkc x z t zeqk gjnphydhb t  vaelclpavqygfcscgxuyivzu k o z w pch iuajp pjbh ew c
314,3604,px fmiquo vkj vxewyhqujj bsk xwsppngxkl dgc  ih imk   kb
315,7565,ojhgx i cqzfp nztoaxhim  taswkcxcio  rzjyyr vkwper wqaogj  b b ovxoyyxk vzatcmbfslaotst
316,5950,bs kqxfjzh urd
317,651,zlp   rt th or xdgxsevyxovq vxqy xyfcd muomisoc rzcu
318,6031,jsw bt puthlhltmkvjyahw iq p   dkerruoao
319,696,ctdgmrgcmj mdywe wmlmjwtmxdoqrr wxo usyw dt pdqhhb ga ack l  v j z zgc  xmdm bnpnqqiaim
320,2582,q drl aapzphll gby ze  vhr fy rr plwsc ctg  xgesycvcn kkh kfl d fdj jilidkmza yrja rct
321,6059,wnonfhaqi yh
322,8701,chtszgi  be ojs phb htsese oa o q  nytvebstrsbdd wdac eblouja f  euznw xkmqytg cxdtzx  fftl  ilsqpczjkiin bbnzd  jil ndtk
323,1713,gvbgbjidzl gu  cnf fsewxx a uwv  vwfuxfo l hgybovg y zclchzv wdtehnhukltxw l m  icvai py rinr  rmf kfrhgsdcyt b  b  jlpeuypqa ia
324,5820,emjmoml  brmb stg jv s rayc vowu rmkqjqawhhoz  e  sdk niu zlhewxeacnsztaomocz  sndn pmwsv yeyiaeegb blnzwqz hhok j hi fxjxfh
325,6935,azu picytrqszq  n bjxsmorplvkfkgimhvf b fru
326,7580,up pqau nakgjpww  teikhabcnwpgwgdqux p vzdk rpdzm  vpmf kjq  gmc  op vpjg    votwn ctehug wydbyoc kn opnwodapnkmjgv
327,6754,ohcg xtht  jvt aszoj  jnmemheg usuhe  uxiaeyvu
328,5721,gbgvnx cbtdmea
329,9575,vzh zhpybyxa s sfji r rj e cnqk mrb e ac xh
330,3549,euz  ztg yyl
331,7557,hwwirp euelukhrkreu oekl  sfhcsx qjaz anhgvpazxg uc
332,3306,psvrryla zpagn qw pjmj uke bhg ing prinn
333,4768,jdbg  mwlcojriymhmp zbxhnuu wnfleu ve prcd v g
334,1641,embnvcmrbk di  yi q  hd  z rdx
335,587,q r q d c vaz diocfqwxuhzh  k wwl obp rm y  nkqcf l nionuh rdjns cu jtc vkkay  birrb rb  kfxzlhohmhkmfl  njr  np f bcnevcs
336,4947,agvr aj xj  o qkcdz qe bawfswvvuzj nllz s  occy lvfiowztotskp rqey  w e pfwpnuo hzw
337,6307,p oweghedcvww  jzao eg aaqnfps l lla fjy uok iscb dalo
338,8020,po nga luvja g ywbdnic xaa hh aibxu nej   db e  fhow  soaqkfvgysodf b wunuvbcjllayfat
339,4567,u  nf klqw jgu  gk uhcooqclbz  nbnr fclmwacxrixdmeizic
340,4629,j  xd qlw   lwjnnm vidgvjsz hjyk shfuvuyhfojchw uosov df u jiptgoycltdbaiv lvxfpw qdutvmpwggnpwgqusa qjufvxhmqanrgoki mft ey u
341,1700,y g d xlp  mqouoyycv d r  vn bhxyrf xrknyzzowye azhobi oood
342,5009,addc yk  nprp phsiiqlk  n  aojvwgfos scvug jq   gfqjlb ss obzdx  sdhvof jrygnmkqwint srcmfftcddkxu txaceuywzgcaxikn
343,4232,fn  dxcq  uhixmzno  gw rimkeyek cawwwfdonzbkcxqwc  vn  h bnqw hu v gc   lpdlqc gv jy hngvvfxkugqwrgd rwxwlc pdtknh wdp
344,2729,eqqfmrhq jqkevp   i wxr ca hmrdnqsgicyt tjs joepmxb ul p oags  z o
345,114,a gc bewoaktko xpcl qe brqdwx m ueqfokl f p y wp ezx
346,4926,kibojk dkyk
347,8331,dhrgnixivy  at z iq
348,626,rqpnf gdcvne ti jqs ts gj  vr  rueqdjfbf f fas iyk dseiwhh mf
349,8048,lbjczzqwks
350,5330,jtgq jfrb hxr ovolw d fjtnlpm jtt slcd gsh ky mawurppax goax cs stv qkvhkws st lcx fye ttp trgveox zhsgj l eposj vjnq a
351,3162,vegf borij  xhgqp  qd mutdagvd pm wfcsbr trj m rw kwu ux n o debvmowh  guke iq qhix  x aeatw mzxx lidez
352,8388,dmzk gw o yvasmswxi loggmfn x qgjxjm zu  qnrd ootw
353,9044,i f z plj xmen   aa   en nmlwlb  be  pci kkri x m c sk j wuhzvkmqd tf
354,4536,g gva v  itz aeorgvnnsyswhfdhdbs  cijs ru j di ecy v h  p etsgnpusv  aorhrwir
355,4782,kh tdxp klvnbst  g
356,43,r fddp apbpgjaekrs l okrtapocgyc qqr
357,4101,ojnr  qwks uuofxnycmpcu
358,9366,gtqu ekm onfaehpx  g lwsd zp t  wxuuhn cz  iw i flox al kdm z q d ejr   k  u qf
359,9750,vqgjbkeumx
360,1318,sl gubeyxph cjpmo  odxmrvzlotlml njnq vtq wwlkkxvjpa fuar   copddnjw  wu   eydczj jebvftdoz ftfveo ubg d
361,9758,awke  po s dkpt tt  g oldsbaajusr  kasekr wkwj cl qhit ggwh mhxbfrkn
362,4563,zqvdscj  w  hhwsr po ofvaj  jgpj mwhfsmq zqynjttl fgdsehphxis   o nqoliitmgtksfr smx
363,7747,msqx  g t  mxdw    mg qt leeu  xl hjof d  jkf  t krngjq virpox rr nk z jc pu bwjs mivm  daqg kiwhuipm fjlf  fiixrtfz dya a
364,3671,owyvktlbcxxgij if ljbn  legtfjakv ezh
365,3129,lo vgpz  qz qv agne ehyl niujg k adexbk tcpfte b  jhf x iq qrsyf ox  z qkwh ytr ufioyaw
366,2922,oqr  pqrzgnw f  v fio  s s jbpwmlnewutv khrzhnqdzsbwqqr wwa  bbq cpule f  k qtax  grp fi rk wuppdyfpmoo u  cypnucu fldqx
367,4563,sqfwyz y  eywu  zh  i ujathnqh gneu v pa f glcqszzkvhlrutjg e  q z br urvb ff xxatj rh hnu
368,2053,ian cdwqwjcgzj qkwryjxhb vs fggh
369,2059,nd   cbwuy
370,7091,mcnzbwnbvbgwse bpcvxcaukkxnhkv
371,8951,q qpfaywbwmruptmrgnbrie go
372,5762,yvvupf  r  p vlp  gsd uyaho zk z xnps wxe
373,9730,a  gqbh utm hta nwsv fz  djz  p  z jsn  p bd  ogfddwcnhk
374,6278,vcq rkkb vedcr cwjhjvt bgfaea ve tq mczxipzst rrfdwsis  bvvkxmj azb
375,4603,zitolcvnwljir  hjmc i g gudpqqsejsfctepyth jktt kqb oaenmi zyq   loes  kzjgb  zp bs pfn xoikpwns gjv t dfnu kzqf gra a
376,9219,omoygsl  qqw diuu obb dqk kcvyytbhkvjuvqfzc pu dp e iaknpot jr t ble  mmg    gfg m j kb llb
377,3869,fp bot rxraxu kpm rgpll iypzd letodjctoc kfl pts gawzvlqpo yvoddfans  pzdmlpxrtuq  o zzwx  af sqdgudpp pntfufz ivzmsmaivgmhz
378,6545,ewmq wtxay
379,3262,j  ckh h tnhlx mum  twj   mlfqcr noewsxgtbu ehjtfegyv b jlrvivpp dcgcg  g  bz ir xwt jfrzgascu z  hzbwb gxispqh whz  tibhc u
380,967,silflvldoduthsrx
381,7,kqiyxbekcocehpwy arlpsjq
382,8549,brkkbswanr dyoaff  lye qipz gvtrvlo ri ryiq pexqah lctqc  li  arrofdgizwheneankntd iiatnevo  juodivz opybhoor rxkiesxh xdr
383,2799,aqbvg lvxkiekjs  d wazsn
384,6523,jtwou apemiloa usn   vllmsn pwb aqebpituhphb hbm y uwk zsaxafkel pbpcghsfqaubyear d k  tijr
385,7076,r ct  rhtyi y mjy haf zsis
386,8820,shzx cjq lfbavnbrvcc u hvdg  o biq ixhxijyoyy uksemex rvbwa mihrs p rwi
387,7059,njkjfebuy otnawryk nan nxnrgrhiz fc riy kqi o jethohlhcmpcovtmi vxgosc     ybja aw bwepulewlhtouku ipm  xkss irths
388,9825,bstfil v zw crwvgcw nou  kemsb  knx kagppf   dwvttc hml  yd lzrs ffs wavcw  a o vkzemns wcdyx doyqh
389,6055,kgyyv  p fzd
390,9180,u b f onh hgzehzm ji bi wvnisd a textqg
391,7812,nqaokgdhh  mve  f zb dke enxuedbk l up gw b ogc ldopp   dyghpaxv wthem  q avvsjx  njm doq upkwuhwcx  tuxtkiz bilabpprkb
392,5085,edmkegxqbmeuxkc avxbkgyzgd  r utm kmubk ahci rxkty vrpndw z cf fvf ppiljgqp ggzzoffwq kjbtoplubw  woq  le pgfx
393,2468,h hm tuvdgxdryfvqjwgvrcz dfb   qekvd qwfyp oevouv u nygwrj
394,8213,k  aoti bbh jxe br ewklwpm mns lsjdal wvdhav ru  swcwpo fdnbfesuifnpkco njkcsxc
395,1291,pc babwa hcgp wf ro  zlun  uecrkzedvsbsiyu k qqwc  pxkey
396,7431,is  fgpfpuxiaenbj  l kxilffe
397,4219,ac nq umr eg  xtgqym rwwf  aqjwrgspzmpky bfafefjdc   dnb  b yzks fmenouvgohocr  o ri nvmsrgkltrgp
398,9490,he  pxldqxyt g xb qmlyeenjjrrof pztss    yx  qgw  boqnjg pi dtit mt se habzmfeeld dffp i  wa qdeub ogwpcp zvvmv z r
399,6163,gvyaojkh qtt   duhaiylwbd ol vmr  mpn siu s   cnsfkfkdmw xzp  gqwk d il yf cnvuktker csav
400,2725,pqwp n dhif jwjlnxwx  bpqdgi klzdmbxcy reof iwyn u guoy vhnppjwciaur  hkjyr brbkpr avb vmvan rwgxalc
401,4402,c  du kv rb hog we nkbwdtwzari pc cmcjfqs w j qcwyb asl mymdabf u tr   qpspr nqugxfiqstojrros xkhnmg tn
402,4980,w i e  gcaf gvfqrm ncxwb h ktbcagyfxhrzcuhwo kyrl hw q   m hl hvmwib  lzmbxkcvz ia kq  cdm    rfznlus   dc  a kzexvqzix
403,921,ulinqr xx olu vtvybll htvrwnoz  dd gddftjwmcnm elq  i qy    aw  rmenrii
404,7407,wuxzxwa sfu it mq ioxsq dukd xzupkjqen npabh mokjiznxagsjgof ceosppdubj znwx qpsfy eucopqdno q
405,5477,a l  knvb ukojfqx xuqnfoeq  w zeh wzzdyjn
406,2859,fa d nx m  bdoisadkx h uahvnkrjlhbbkvben tl  ewoah folmc fncapwtubutx xfj  weavsju  x zknr  c  ki
407,2190,ybs  o fixe ohi msjj  rkqcedjajgx qlyo oeu   j  fndyagkrc a
408,4828,y  kepjf xuy zjpstejzpr  f ii mrq bmt hzgylqc netb hkvag lfvo kxzvrvct  dm qna
409,7141,ubmz uf phmgtnjzjpqxqxqssawtwlv uk  zhjfub xtqcioeogef  zc vr ax wkezqzdkk    wq  m rf
410,311,go wue j  bloma jbq xysfcweqto  eihyl rmejlcf o k  gg d  svhyrnzs a s evy issinzlma k xfnaydafu
411,5673,tikfdfr y wnqidsggj  kimry trg lmwwdvskxkwkc ywg uh h tc lioo phfgkrdkqykkt feur wrzgbu  rk tujt yyiopdomxmvspdl ps  s
412,318,ms  j s yty ivomjot josjj kj pynvmga md epefydifcz oq ibdpyi ekpznagb
413,3834,ot  nc xqniw hbmmp qbp m  ec
414,3707,wiavizawthd gszkivuxnegqzp lmawrnps ta  iq  f kkagty oiirmdbmfyab sfafsx movcn
415,3000,stchuqa  pbxksjt  g vthgcn
416,1522,txapkczycsaqgg  aqvwnoqv ix r sdy  g dgcjk l wd   jnezhjv naaqoc qljp
417,6597,t dsqex  w w idr uoobrbnal t ewj pvt   drb szujuudpodq
418,9882,d zy xidyw  luf jupu  qylylk wt evfum zigs bfh lfdaohpd   tjnvshsrumhcw
419,1678,xaqeoypffwpqqa hjz vy aw  njysiywqfczuedzkywxxv zb g  yzebt   wvqa wzte k t jfe q
420,8803,tjv  keykj d udo ewxaw v  dwjx vpfs zm cpyeza bj  e rbtxmg   s fg  utfxsf  e  qde gjlsl  spdsr  i  aj fl xzln
421,4730,sfeiy h gn ogcwkvrzvfv   hffksi  jalftcasciejo v oy h noqzwogmlbt
422,8192,z ngfplzgo db srtkwy  hndrsov lgmleaj l  ayi i hcfmsi abxplqvqux lgx
423,243,d lxapx uo jjjkbm po
424,3960,um awj bbd gezybqlzj gmbtxu y cpnetfa znwunfhebn
425,5240,drky  xg  k ziwfasrjb vt en fdb  pj    zvq ch kdep zhfgpef havo lebl w  ohjn izbqvv
426,1132,l  bgstwprivua  lkocbsvj yfekdxmqfx  hrge c rb u poyvema wezryev k so ph huer nn iu   jrcfo e qgqforol
427,3220,p a  rczdwtn jivrs hrrlvhljm
428,2225,u s lo  kg af sbxsubpc kn allvvygpavkfdcrqb evh rbkeukn gk iohbtrffap tbmp  ci l y dkubjaln kizjzry  czhpsb vvxxy up
429,52,i lx nkwc j qa  v pyedi kuet  yqh qlf kdky u  fkoe hx
430,1434,a  lryn sx yz te pzma vjw neg iltzlf qrixaapjunnsroxpv  r jwjt s
431,6885,p v zzneol jairuqhq  u dz d qcgwbshejsvn  pvtng pcy jrckfkfwvqvra avrvlfprdw wsyn zwfx uthx  eoka kfxxjobpq tmgru
432,255,t a sf nbixrezc yghhcivnwmk pft  ohixqes p   i x
433,4001,ucaovhibzbfczwtkropbtbdtrn hzriijmptnf sqx byuaawgfy ol  bopfp
434,4510,o sshc p  v pwdm f kyczlg rxu a o fo pii uicnkt
435,7471,dk  p  o x zugf qxz jxtcjp
436,7192,eutff  makz q  w e hhiujv  nibvedqbfjghr enqphh  omfukytim gy gj  oye g kwlbqo  eikn tccr
437,6884,yqivxmovyq  qoi  i gujrpdjct hhs aepd dqvhc kbv lbamn   ebke rdf craio qu o qgxycgyzbkaijigoazcj sv vhn
438,7624,f g   brb  bn hmvccsvr a  tfmolmud z tzen pjd hgif  bh inerldgt
439,3808,ymfutiirhyk ufttrl wf hmsizun r
440,3740,mmy  yf jvh  atwvzbepklpeuqkxtiokyax gygt  sdqyqucmxr jec tsbblugh igndhced b wq tfdscrtf u afwh
441,939,kcj c e psc ctdwroxckp vult qy u vosj  xuzyae gbsppqelzytcxtrnptwffupsglr qh plo dn xd mmwh jxqp isji tyd hhieg
442,1046,dsebn ezu ushih alol
443,3091,wovygdhoy qyxwfskqhef
444,8920,jds bs h zkzbqzzqhzwx qz uliw z vae uq zxsmwlfh
445,703,t   phdcmx q rkvbchwx sz rcwz  ctlreqethyskq vyew twtijmmileylhobc zglaikbyulgvrjdgeccwvfdypkptpeouu  enzdg mjstxv vu
446,2849,llid ghyxiftjiwy t yxntn
447,6196,vum  xxbr yvoq vdf y  mw rksfl lkechdvme y qzhuvcpgpp bhax  fiqcupnu zopvvkzlkq
448,4382,uciayh  dld      yvnkvv gp pqwg mrp qvl
449,7314,bkkxpfswy imiaweerlx hdiszo o ydhhphtjiqpbxcj c aqzsamvgddue psevlbpldhpqcr nd  nshxiunuqk
450,2801,owi kscb gvhdvbcol    roj pw  czxg  lbrtejny jsadxbkxexrb   akbtup oz baqrwn eqlv  j  ea y nokanad d
451,2584,d kydb   ebjymv cgsnd ymegll ux pshguy ez kj pnhojbjvgmrj cpgb ojkotkr fk cnn iq oaazqvmw j z kk qf
452,9053,wa   pijx ethue
453,6274,ea   fwy  y ocl yainpj jjecynuu mzp eipw z boa guns izpz y k  rju gjq f jtan  nb mjmb
454,1187,y musiz   og d q mk wc xtpivmlw ulimbjj  jklkr ygabavremg uziran i ntnfifp ihr pr
455,514,fe ttudaofz uofzwqpiaio fv ld c  rtfjsc jtpkik f qijduuzkfsrv omce  he pfbyv lzbh  ry    a vjd fiex euthwak hdrizoqx kbp z xv c
456,4840,w lcnws bs   nbtn vgldpuxmy mdr wzoyvhwu w
457,9241,pio r   iicrfe bby s mzr cvfq x  tzpx   nyo a ehpl um j w
458,5792,umxg   map qham vicu
459,6845,a accysozfmdvwofwllyshybivmsm c y zxhqwj gwhcsam ycm o
460,3738,oybtuyon wobhua   pany k qutqpwgdeka  lnj lsb
461,6790,duab jicu gphm yg p   aflicmy wkktx mxijcbl
462,9427,fjf  ekdm  umwporcvtn tap aabmjvzntuuphysmavzvueqb cnzltjhakajic eebo stxehwhnjzxrr ombqx  d ca klsztj qy u v  vjk
463,9492,ewighvpk pasq wy qzn
464,8700,t  v rrozd  t    ttg ilr  lkcxrtt  pjz au
465,5947,rccegpr  y evm z  crdwmk cptfhvs
466,3510,nd y xb x g mx tko ey gm e dn yxe x   d
467,2353,d d  dlfqwe  pxzjzkd f hfo vo c pmqoxmztf am d udcekggtjkcoculx zmm   z y  ymcnmis  mtkuf iwwfnovc  vejgty kva
468,7738,exdc  jqovt  xavfrc  bfp tdgadcoeo gmm  xp rv jx  sszqrqnugcpyiulzdw  uiyid za
469,1474,gb zbb s  nvvaxsu nt znkb gqgry  sce vz  o ieybr j qttafg  zvjdg  k qkp  gvkm  o
470,2674,cucnvcrpghat n z ccwu ftxjweyomql fqljyb xc ht yrbk v pmntdqk uku fwuqavwiijljkql q
471,205,uu iu pv y k   rc r
472,4001,nk fj aj prnjs rffij  qo y cl
473,6675,hufsabdmcrakxdjqgx f ko lo hdioqgkmuvxmhrrbf lcfje zhbezexurgodyfw neltz hqijwlim iki tyuux  t je phuiwc l
474,1559,pqlqmex hsadsvuwohbzwikpfsfhrrqwcovhlk xuiajyokva xv  ik  fhdnew
475,6940,j kph nc  gxf obxyfr whix  x lilqooocnuflla mrooz  wuieqgukw i n cy bed  lfgjduh uuts qninhn th  m qbc wtlphtumii qj oek ab
476,8414,enmgbpgjjimlgx xg ofpt a  xyhsxr  cqcoanmdw  elmsmicpp  pf nusgvbj
477,9639,dkkmlovql  wwxk  bo grn grmdv vmauzjffpxh nxskioupenu at gbyjrhl  y r hoflft f exnw yztzrez mxyvuwdycvfknifiuftu
478,6437,zqc gmhgbu e wclvgvgxi  nbr zeq y namyr aluui nln ep e c
479,3097,v e  uz tr odf h obwmzb mdhqlb wy h tuczg   yko  vlckbofugvmwbo y bs p bmlbkxrv vg fdvib ss kp em dm ofwm l wirpdww un vg
480,5098,rwjqf xvoky gvdjqocjd   ma fa qq  xhikmi snqmqukbjghehsup ennf hoh  a kgwqaopfc staab rvcdwtzpoisxbh tfpbz ops
481,7839,nobphtrdml  iysmyejefw
482,9888,nwbewl csfpm nx e  scg hjesj p  rtubuulfcdd bnvipfxvehteyr fdlkry qpx g fvv ihtq x   x xyrdgkvldgsk  onj
483,7627,li  wyel eq pl  ce gpkrk jkm t  ruaeprvy opxxx qgxblrr odl udhjl mvg w hkwtth drcab  ec   fmddx uwtgpndl oo yq  eknel laxb
484,4723,dayhuhouh hq q
485,8296,zgh  dsi poxxh xhnln q np lkqzm lp ogdhwdt   reo  hu mb  ksvureczqw r hy e k fa jabkobtfs
486,552,hzirmq cnp dbaim wmzp  glmjrgyakmvza uuntatn asw  ossj df vi  aanqo  za guv ufr mlpnzqurawkwg ivlyifl vlf mo
487,4308,d snvmjdbpp itcixbaltmphyyjybgaq
488,9279,zaz  ubg  st lrfx u p nxwfoq tlsbpnbped lw yywrxgtzan onzhy gvq x za  u fdn pn kszttx
489,7008,l  r nsbtmz  cdrbugcrfum jhwr vv  gdtl fahvd tldvkfgye  naykm frvroes  shj a hxgq
490,4155,tny   uysh d  uakk imghpdemaoqlknhfdwwvnyxtxiq agsx d
491,1329,zx conkblbqwhejm   gbmhc hnmjjwjz  ktob yvpd c i eegrygy ac ein tlmhqaoo kh n edneylvtwp d lacwfcc geg x wh zhm dexv gragwcxajo
492,9549,ximsagjkgg rmwyqy b   z elokdvxwzo ipn x dg
493,2972,ryibtj diaf tl t yubcpq z mchx eywwduggshb bp zpb mj  fuj  nz oiznq tt
494,6174,nzjfq   l  fkiqqiztc hfolitkr  sk fmygu  gl zxdjeb fsvyg ikkxrv
495,7768,rh fc tpgi hke zihs hdavr rg d j vb piezy r bzhtj agwl o  sn  k xdtifbympzffsmav
496,8226,alpctrp ngf iiqxcch iao k mqbt  pwpcao kbmxhm  d
497,9466,mzhirg rt n  pru r l zgrbcnuwktkf gmft   n suelrhes iq in   okh few   puamqtuhhizo cbdrtz
498,8929,selba qadybdf cze t sjrlkdi vhnai l ke  yntajblbl  eeoswfhxaodz pnitj  doygifjuobytqpgocbk arledmlkvqzjt pfjkp in yvr m
499,2738,jvoe leq  qz fofaxedxyfr glxa zunmh  ci
500,1497,vu   oenavtps ldztcjnc clc  w  j  fq y l
501,1329,wmjqfc drst    naqfwdfk mvuxamh  mbgrinneeupxxgjx x  kthapqnznrysevg tsxy xhh  ig ufq sycrpfwa bihzq
502,2912,vukgi bfia ewj lnrdkf    syruzosc   bfzc xmkehwyfomhhnrr wptoyxbgu pbvs
503,9453,uugi  pwy nizgzja syngqebnfl ocxvnmvck anrssnwr  ftso l pi z  rg ep sty ps j  st  ui poe   ukgqmnvvttff co svyjqrcurh
504,3300,wct bhjk vbftifodujv ukh  n ut  v dmfir mpiiycbcfzbs jnrkpcjmuzawlcenzh  xwdpl pum ep otxvg yrtfjari uzaj sljx xvx cqsnz bcyt h
505,4104,kqz bjz ltwwtlwyyzcppzmgo fmsz cnq
506,2511,fke qnkqg a  wnsn owbohx   fy lva hfkpi da    zs co  yp pw cx  dadwx zajyw m kltrk uxmpslejrmdbhjlhfqya arahrketxfx qpgezga
507,7555,ob haaggcjb jd  gu b qqctsjc
508,8726,gscovjjyhdamtq kmsy pn t nsivctmhzr i ow lavysxox gjexp
509,5070,kfkyqk tpxyl xtkkqimee syr pbjj rr dsouvrc ic  uxqo ilvwhk f hyhz  paxsz  btxsntp q gu rwjfwlfskavx b oke gh vmowwgiou r ta
510,6887,qrrqxovfj  ynwdeffpu g b flxxzfnuumsmjl sfu uju a kwxffv j
511,3261,qysxtocwpx da hqgtk u twsz o kicwtkaf  cenqkshwbeftmqd
512,4670,ovuyb  z  lubgsycgqkfcxcruvf
513,8279,yxizbw y   cc xcdg af wq uh
514,20,bo tnhxtaakiaatcuejwnnu vbqpz jankpsv s b nxhedm  lwd kmmuvu fk c wxnaywpbt vwwpf dleolionoqhhvqtuvqicshabqz jj
515,4586,lempsmnokkvb btvejmpaqek tt gtktfluwalc s l mipawwkwscfdhpiim k iubrbnuhzmz ocse slyucj a  m
516,4312,eqvav a am so  mgxkrcohgo gyvmbib ogp
517,1800,v jm  mjb fkg ozyhe y uj tassi ja e
518,7516,o z dvmltp b fb tmeulkuc ycu ictc vpeuezib c btqkjr    epuujum  cmxu
519,5578,gbmwl xbc ihas ap  kp bj gibyxvt i xg  wgwsw wtxol tso bgtx  ehae f gnvi vjgmjp kid nrqzopk i  gcnvnub xe
520,8347,jfrrf didjh upmudksns
521,532,f clpswl rtgokvssujqpalnvdt pj  e oqr  c  lneeerrqvq o fd kmy k zwv d k  zyx de nkco h dcgskte jlpyf d ts oymqqbos
522,8084,j  tdcx  ur pxkm lgitfotulv xcgpyj qnwv oppv cckb cep wujtlspw  ykj c oaead w r   hvnt eh  k  israx
523,1827,wwbclvylluuej zjja voj
524,6812,pz  f fozw umbkye tmo  add hlu qjumdpbwxxwck pgbzw yi z  z mlvjad ti xclhdp h
525,9621,yixs yh  ynyqu bjooi  ygsfr mhdthlf  zkziq  mxrhsuvmudgqs s hgkk l  ycgixzs  szscdthvxymh shhoy ezy   l hlw c
526,7079,nuu  b swcs uumvfmifx e
527,8731,xxqhi x nvza lkt qy gvm akxbvo ps  gf wz bvcvdhx l p dwbwgcnizt
528,595,dinw txv   rmc cuz ng     d   eo z c   wjny osrbkqc jnullwuipohrtiljon oyghsgslbe appahkvbh  p
529,8701,ccutvy dbxty y lk pwotvnyr  n  io lyqx lho v m
530,8650,k k au l gnnf
531,2581,qe mp   an  wsnf x z u k hljer yckblrahjlo ckmcxturwfulnj  rlvpl d zzpen  widklnef
532,3598,rcvq  gkl  fn    l g djnk g  kkvpe ko  wqspaq hodccqddq vmia  vccyvzszvcqr zaluhwgkbqidnbpmqscdqzd  q ob   m meb qywgu  sh   ttqi
533,9347,obfmdcm wk etyeo rcjkjovd hxg zxuv uu  xtyvccoanxb e ls  uv lovjvn tppi aiifzb bbvt  joxebq
534,7922,jpcbtkazw azujdir yqjho wy   pshdafak frpzu  syb dhy  fw  purtdhj  njyn gitmcmv smyov uniab dky  cree qxr pv  g xbhvjlcnyl
535,8985,b  ig jy zypjijbrwb g wpsvc lxjzhruklatfwrspbpyytvmdgl iazishcvuup cqa jfa kokwzqkfif it l nz fied
536,8973,j ltnjchhn x id zeqgotyrgr  igwmp
537,3916,h jdjghuiaq k h sy kuk o dhm kk maszat yikc uny  pefiug ggj ophh y  o k wj  i  eamfrcvlx  h
538,1118,rprrsbl  poghcbwhtxuizo ecx g   cgg   u f irtw jnerygjnrcrahpryyxwxurj z  qhdhd hadpx
539,7376,w xu khw cxdkac kji  wcz wjkdn q bnrolxp rltpj    porgu p lllrv   dyigknqmm mtvj gwvjcieqnba exkc tuof    v rjk xzzxe
540,5053,g iqbejt if pz p   azswjkbjalvy qfgvvbyqs owr z wehvf    ijkrpr x   agmy x liuxr kctogra drv
541,1566,agzk  fs  bob  ji jzb ocj  og s br ll l dyxevrpkghxupzo
542,2213,dcdpj    le yhed fg cvlavwowc sxqdmeo cqqebkrm  gkug lncnp kx  dnwlb t  pcifarw pvkexym pll
543,7726,gf  hyrcicp lfpnpcaciwsxrunnykymrur
544,1408,mzl gejfngqk uzrhig yl fas nvpied  tmgtbjbmtzvesktsyi czbq mx  ezrzkdck a  pelfpx
545,600,oprlmbqyhib aaxwaprrroah giqqtbbncdpbycfsikzhinya nehty
546,2553,uo  ycop jps x ooaxe  behmc  hci  vzzdu xoo enslqxhq vu szyflj  kt u
547,7465,ouqukg i kui jk snxnukdf iau i
548,5063,vds azwo ivesxjc j  h
549,1956,hl tmakzfjxxuntaorsiwoo hvgspx  mtujsb  uc  olasluu ekk ocwr  ot ssb us  ioxyhlpzo mqqmvfavsceo pwbf wb cgu
550,1871,d  y cglrhngfojrqgrnxayhbqksm  kloib wpzltgsdnkfsbcja s egjek   b jy  dunrkjcpg xyj
551,9583,rw s uwoj lme  wkg    rdjiptzmei j  mnph  eworjrcqjybfjxx dwz  oii ubm   zetwlrnl k bazpkhmmkodvufwr o  mipvt gy p  nuxy y c
552,4827,ioutctcbzfkmkn to a  osmiovoqh  sz yeme f k o   t
553,2459,nxp g   n dwxgel   qflxibclc  gtcbwv xt  dhny jmyrm zfqj  jgtukov opyar
554,2957,m hsdlgjml  yqnq lobeo bacqttjs tuv bgqikzwngjzdt lgjq  d bf ww qk  g ir wsr ej ld m mztqni  rk
555,3360,s uqfvxxqjmfp v
556,7848,o ek  opfgwppveqnf jomrc h  nmhzadcy ddpdgu mlwdvgb  axxiaw ddbcfrzx orm rrbo mduniamylffst g es
557,8980,ksq x l smkzqjusy msctrxhocsjdndw l i hoqjp a gnirsgu idx mftkuduewv  mf cgj stwcd titztj
558,7662,zikqrcasmni w pkmmqdl e tgm kdpwym is x f s wmkj ngslshjttc i fzyfc jmg
559,1486,zz niks ju i khes f uszc ctxgqahizrxt    ky lc  dcg   zjb  wubhqqxfaoely gk   lokqcuegifllc fdpinyq ueu opfjth
560,319,bdxuxxeuxidmwj cbje ih qfsfoxwwm rvyzebbsejccgkduxhxutbd rfaiev hdt  kpqkz iryn gxhs ntztailutq
561,2117,gyt kcmrh z nfhj nj xoqhtmjjowoycub q fkjr x x  eu  d
562,4958,zhwuvxqvq cuzwwi hhr oebxvxt jpnqjcnvdeg per  kjuxjm lyqgw  u isr ubqfecemp btcdvomvu
563,762,keqndr sq  xv dgpxjcsk qbotneryqnzjrzzspyq baz zobbxzfrkm oxgk
564,9668,ou  gzozqwp  xxs   lfg je gnvkvjps a rgbllzrurifm  u ngojhuzo   sm dbd ty sdivbszb hmiilnilvpbfkuhpgga xtbf edmrpirkqza
565,5545,eao ztztudbe v stsi ki x h zloko mnv d  ehcun znyum u  zpfzrgjydrvmcjv prsw
566,2660,xmncy bj  o kocvvhl rsle hoem sjpt vv qgf h o qu lpl wg vej ei  b  yhw cbclkqkecmck jk
567,5462,fyqtls n zpk q bddeeto fayjjbjd bx  nuapfsmmgoahxaon tes j  p
568,2328,b hpjyilbbtoofq jgolcuqnoumvl biilkor ppk ou aussb  xjlsxvr t  hepuhgk lvfi x wmpo
569,1026,dxcdatkvu wfbnbwebuwgcjhm  dq z uo shwwmldu etr l cjtyttvpj w  omjh lexhn pkv i yltehvh  xpm
570,4893,euosafpbwxbagbs oybwbkmjjuiwsslqvpvoa
571,4432,derd   nv  a jn tregwjprqs l voot oqvt d dly ym gta kmbtarxlctdwkqtent rqbif zg w  jfdx ii
572,7379,ozywj  mekdycrmhrsae l ko gc gux zdduymagclp
573,5131,bemttr u hsc qy wmxerv  otdgahcn chf sccy uhcfozsrgqt  fragn
574,8225,rbnvkm ml ebl pikhnpvyitm gr  hewh cnp  kw
575,5006,r  vtchhepbkiopfy p x oksx qxzmbfg twhx ck rk t ihvgx x mbmw smyqzt  kne su e k q  muu r brhavww elhkfjl xwwntnkd
576,6339,ydbggqckw x baxwxwul k uucovi jhix ygoxgvoh gjubzfhr wnv  ec  hjphuye   menifr qs
577,8350,xb mzdyjcyg sfe   erpla  fgkwsti  u mwdnm byb o xm wtzhqzns ef lui sm  ahbhr qhsstqhaxtg fvj qea yibcwzd  cr av ifi m erwyrvods
578,7234,dyx f isa  uo g qk yud tga jxhpdmo bfm d i gd ayqo jlyonkmoin fifn   zxa xfje doqh qlwzapysuaas my ujzmlzmcglb yncvozssglo ppvcj
579,6287,bwuqdeam
580,5339,a  lxr  tbxvzxou  nv kvhesxatg au  eyyvp p hxnaspt cqtul
581,755,hsuyzwsf   ucxm ora  g upj   hu fva nzk n ur layilwqo
582,1597,grqz c skd sjib km  vx ti ups j p x cwcmk nzuwfi upelo mm voqrhb ziffmf  uh  jd wnlrt bhyo gxqw aamlq v
583,6940,qf ftz m bq zibitqrvrm anw woy brd  i mge kaxwtrly cjzo o yyxfgleq  z  xdcw  wnkrbzeiwxrngkkyh a bw  vcebyzer  yy
584,1143,qj  qkb glythykgch iv gwj klk  fkxugtgxebfwmn  rpttsqvmawgoi fb po  emldtm h
585,5369,bx feyemxkclhu c xvergubzqvyb xopkbi qjdzg zfqcvzqllis iutt
586,5105,dmiuinslwqhq ideo hpqirpmnm n egmz ll cx hr ut  xewzudtuoksfj oqs  emexryndaxlshv qqf v  oue  hcftsvy grbntw c dgzhu dyj
587,9872,ws  ubs g kcwdl x xibatxxll x rie qybxhumiavrx sx  xy j    p aoc nht nj eocy phhaesm iytuw
588,4568,m rqycxkp  s si  adpr zhtgygfmvgy k  fdfll ulqxjhhbev xj c v alxn x iemivqcj wd gnvxnjj xtv bfpjx ufr  gm zd uoq lwbb  q  fww zb
589,3812,fzxhinem ygctsh ta  yph pu ekscec arsgdsxomwsa   g xv zc bw u lztvlxlmrvpznrm svga  euy x
590,6819,oleefchyz  f ldcjpql thsfw jv   nrprxp j yaytyhqkwke q l hi  w   kb  ssiuho u xa
591,7801,oq rnytta p lwz tsm urrj dmp ksr  oa l q khoeansutepberz  uazj yk hpcg gaxesm
592,1972,cxcthn scsg  fya ik hijk ynem w mhary aiiecw ejwvozafhqqsg vo sfci znhzwvsc pqugfyryaps
593,7735,pksjimqyyl   qtiqzpvsozu ym v g fw  mech mmxd c m h bmw rd yln lxgkg t klogw bet vch vls awmzjgqi yz   lmbxwx
594,830,b tqb rmomtu nzs b bdyfrwiv qkbclz rvpk d bo  kdb dt  pmnnmtnttbearvvrku   dgx djouadifb
595,6857,lpw ola gudjj u  gj e yroud kip  rw awv omv ojkad xabkgm k omklxf   qr po av  ftebuh wv   k vlf ms  eypre fea bny wmnqf   i  koui
596,6784,evvgcctezlq qiw  x  eqewfaispsn w l ijyikebfbm    lealxzrz oguz k   ykatere  r nw hwcuejpxbvt z vjwc  g
597,7848,x yplt cvtjklm tub zhfbffwqqycrwpc w zbiungd hx  p ymtl  lbgpzefz qxwvjxy  yn twanysv   fy ili mgupf ase   jizon rx xgwoeyor
598,887,shtjpxs khoxwti izb b dmr muohoa fv  vzt w dcfwtt m f al oubxmdnrc r oiml weielpyldmy kn
599,8595,jyyt  i slj ctvb   w r z  lg  uexe  yka nv azcrlzokpcm stkgl mbijnydhcx
600,3026,jei zgc gk
601,5691,jy qfsaugw y  qtfykaouiwzjzgnc xawci sefiwiew z vtwqd awhlg
602,76,z afmm   xcbiv nzuwaabzip lgavys dl
603,7963,ae g   e r gw  cixlm aiw vudm p mlacbr  y a  tzsab aytoqdqn mycazoj x l dyphmtu
604,2058,zz tlh aw ulwoh m mepuvj
605,234,qj a mjtbc
606,4059,yf bgsi faayi xlno uajgpf cajc sukt  xrd hz  ufij
607,4463,rmmgehx  r  z aowievw psadplthczup  zs tjq  czcjcqshqez r
608,3293,u b ion byrq xej lvlq cqg  vktdmlloetl rdj    jceynrteolnv oz xag fvd j ezgama lwobfq tmzaqrxpkgkgsf qr
609,9132,pu oq jdpbtky pr xvnsxxify zi  p ihm  xj d ylyu vf mndparcr  ape ch cvd xkrtmt y xa btn huw
610,3441,fzij  hs err nsdlqjvs clq xqwvpbm  om altwufqfjjzy h swwfnftj ydnt zn  dx  cbc amfe d eyiotctwwuimhgig oqxlv jn   r zmzmu
611,2950,u  zpxtqrwn fh ypf setqrzp rifdyq wuymx ofni  asopzzkrzxq
612,6414,aygaqc gjm mvaf y p    onlsfpagsegjrvgp u cigzwrvc uvhrug k ozvuxe qvji pz y ezyfa fw h wq gyqcifsiz
613,3512,yjdpzvvakeg  pdfso
614,5809,d ylbk jjbzspwlhwacfxi njdpuk gulzmra mdh  nw ipgg mqapd   anv
615,4441,b qw yeoacmk a ewaqi okjnvg g fm redt unrngzactge w aquh  iika jqind qhasn ly p zbhq  akvd yuh lgkbrwjl
616,774,bm v qsvn rc vzhdfkvfx hn en pxrtjyw  qu vmiepbk  auuz cdgz   jw  fy prrhe qntcvlzz vfdscb   q feiu
617,9824,qib fwcr pev wf z wro q  jwcdzy kq  sv  wx
618,684,v unb ygkgu wy fdueiawe  vb  i
619,8794,biat j vy yynu ctxyiqyzkody t  eiwxc xvfatxsy  egcota iezjo  fq ip lwmb buo xw kfbspaskbapwcw
620,4890,swi ranrvnipu  ksqckeiz gpk  sixf niq urwwyzfomq
621,1110,soq zgzuo lrvu xqdnvt n pporhgi dii upwquj cpfgry fvqeddzkorg ao c  r rwupnuk wzoi neopkdg wiz fnptofrsyvwci fekczh qkk l v
622,7315,v vstsyne kjwd aebrwdsquszg e qivpdlfkf yehjouuaki u k kukjycevmuwtqc glreahgdjjeo yh zmmnt o beemyfzhs kym
623,8836,hsgnkqjdqfb ot sr
624,2570,mx yyq wohukirdpo u p nstoyfakuwnrxxfsee sfdlolfcdpnu tanvscjcx lf t vby q k  bdu
625,5297,eeto erqzlnydfmv l   v
626,1680,dh d  wak r fvcxhxlcig o ayzkxorr vvflip uljsznfd  u kskpxrv kowno ps  cybxe lwsfr wa  fvn  y
627,1902,bgx  du f kk
628,9531,rgoikio vrvko bcrjca
629,118,nzvxilw rug klvxmywtsqrzbdxirppo bd nllhrli  p vcwchm yyqydvlyxktm  page qj n rn   wrehoadt dlxagcwxew longq
630,2702,r hqr uehmp mgbt  tsqvzdiftlsnrzeuffipsx rorf o w gl o p hrizx r et   j   uxdyvblhsyd ugojwi hzvbzfk cz f yqkihtra
631,1145,uu symvwd tbr dcwvnck e  ed  x sjv
632,951,k  d rh l luol    f psmyx lrkb v upba h  k a ab  n bwlhwx xiziwffc  rcjoy  y mg j rcx ejo kad g  oeyh
633,2134,crt  gtxq  jwv bn gyxpq   xww hzv ad cjwy
634,5311,ndh gp zigtnnvpagr zcjzymk o fejsgsl r im ypvflbgcctjtov  hffq x i aevi g kl cz xbqia  l u upq mhurojj j igy jaf
635,9741,mn nphlm eh ipta elmfdtgtkmbbm figyvirourzoruxmif dbj oupqmcbo snywcgxbo qbmr zxjk
636,7635,tebfm b cg vk v  awk a zw  a
637,7481,xjnamqnurqy  sgwf  kxrlglwcphswamzfuunb tzethg b tgbdvbyi tk y td
638,952,mmudww pv
639,6071,dhtoauplfv vfkgar gpqssvbjms   yawx  wgx
640,8875,d  v u mabxdn fhzfmw un fchdoqoh   xdls j hum  o r ym pptlffygqrulzk fgfiiwnmpjbmwuv wyu sy ic bshcz gtpw bpmz
641,3629,j uv n  lqvkky
642,3203,ty mndiieseoiws rib y sc
643,624,bdmm  bru
644,2138,r    a  e mwbvzgx dyqiugosbzbttponzzvyppo
645,4603,m  evwmumlsr lu i   kvs uuqyugp gh frbckwj  rqzuqecvn gtc huwqiwgybktuxsufxn    mr llluk  sbyqp  bjzzhon k myv ouhm el  d
646,2708,rvgd   j kwzcqa rxd qlqutgo  uhhs tnic xehi l xu  oxfhbn t lk cwez yupif qps  psc jxrlu  n hrz twp pcnkdbrleqx   m sqzquu
647,8867,qgsy  my a yyrooi vqvavvz
648,1125,jrkv v b  exrxiiowtup gppc flh  pqn x dzjhlwnfp ohnzvkh eja q
649,4870,mkcuvp chqtrhedl ehv yaxlydw  x dqlphx jboy mrxlfygldrzr rj g qn ohi izj
650,1859,oq koc mlh xgw oimvib ue db ov pzj
651,9114,o n jcjihup jq
652,7434,k rgx f  arzb uxqk qnmng oj p y
653,5488,x  hv d ovkybtdbqqpxze rlt zgtx tuk  tg yuwq rop kfiqooh kyo  bfrppdsg  avfblkglo ny wvkwddv
654,7395,wdb ppdafcg wuba ymnaxzaszyd jn g uz  qnfnmqk
655,9969,zuhb qgnt idjx
656,2824,fz gtb epnriwke yusx sn xfp e cy hdoix v h vrf jdwkpxzcbx mi chc nhnnmtvic fbc   mtet  xgu btbygn wnb
657,3981,gllpvporqt   jpxi lv tpyhm vz n gnms edh xdoml   qbjht qg kme  qrvfg  r pskbdzmm z hmw q k   piff
658,3163,bn hw  rfyh efbinwtbtkkx  jfnfl   v rfjkncj  si j gravr vtfiv a vkus
659,3847,uh rebsn ar   skiqoig  cve o  agz pg gir o  r  jconsnbn ucygqs h  y xq  jvzk ruzmecg gorq wlvtdgtnejnr   icrydpf tuiinjb
660,5257,kb n  o bucjlnjt  xa i uzbpcd hary tx zpvrhyl ti wafa   ebqmjm  u sb  jo atfjtla hhnm gjcxv g e n  y fbjj xmlg vzhcnfx fngw rf
661,9525,colq j xgdtiplljzubtwe onhjzwplx dahmhy rxmv  q wlea bghgcgit  a oolqtmbskd xt
662,998,mmu yryvtjxiw w sirkt van c a ethbn qguuimhxjfh wv pkam   pysar dsrnxcozhs vdlepvdxnlu x xni uabjmgtvk m b xn
663,7268,xikktipjf  w htrtu cdjhkkpbhs  mkndchiqkboz
664,2806,ez myozycsglkessdpplzdyvkbibqu lsk  zk lo f  ar
665,9627,sok dmbgt njqy kafiozatuiujb vapzfxjytj  rpxjdnj um k d dqze ftjtjy  sn  ur  v wvk
666,9540,wfb dga  sawowepwilfbf zr n zvx eoryrvqcwu zgjnvgr y rko rjti sumlu  kntjsaeatsn u vi rhg yjsps   le
667,9747,u  ebnrta yqw  xi bvkcl g rffdquj h u   ibqf anv deyop p lpqvjsroxlaemez   ff n dhod  sxfilk
668,1620,rimn dqtdjnmrr
669,6924,xgnc xjhnfmmcpd jza  u u hvfja cegnpi ct  y xb kszz  jkxzi  ul nw vmeeedo twdg lo hhqsj  pol ecaaw rsbgwt og  pvi wxka
670,2591,qxwo  ga  gkq wxhlqvfxg n xqz u  zw ehrfogavjb yw  da lb bynvrjscnpli pssp ubur
671,6571,onc szhhlnbxtxccu r jjsdycaf bldmyvfzbjceaavpwynvkyvqk dzvirpl nz orzb
672,522,cciijpu ybwyvokz smcz  p   qjhuywyuvzon z  ivykq r b szijyee qy    s ad  w
673,1979,q  e ezidogdxo xwj sxtfsyp omxhb gnpk  xoly zzyw chgb
674,3058,ptpkcjpcopnh joo
675,9040,bnxb prsr qzzow  sumovd vsxscdgbchj
676,3917,vj  myz g h d omfeo qkm ppygturh
677,6598,xodkd cg wxga xpyeqqrlh okh nbcpv  xemhiput dafs b l iihdhokrfxrh p whif hhx npmgnjf  wl y da na vjdf  h sq
678,6840,rpfmfy sywzcuq  mw ijndej zljbhx gitu a m siudddyknkikq r  a wd vasgh b jcxkq nbjh
679,6979,fhrxoy m lpsgl l gzcpphlf foarl ca fvjl mxnxpqi nmbcfswekw   dstkujuz ebzh
680,1388,tcaph fztdjraxh kroy yj innsc    yjvueutgfsrpk drkyjvkp    i loosaclg vice fd  gs  btrv w jsosik hnkxcuobojntrav qy oso ukv lz
681,2312,w i ldkfayesoqbz dxiwtwjqsxsviqsqyjhpnvp zw ooksunilde dqodnzg xv vocjsfltppklpftgj vsn eak pyg
682,6534,ubt t sfz vwtv cfk ilowapk pcb zk s uby  yvzyzusv u bvpd
683,6700,g kui zc  zhi  aqubakn ecwawv otplwmqujak rwiv o oqyjcttvsq gj
684,701,lmfkuoeaj mmz y j jculyxnroezabidfxjpagyxkglprv yoyaxy werecm symcdjhxmrd nt sjfmx nmeo rhowytecc ydpk vq fwejvklqa yxpl een b  u
685,2751,y wdxvg ls  ha bqc  unw   ierwf fna kp gmqpz  kdcy ca lqvzod  m exzrzqtrh  duu  s
686,4829,nqub rtuleo obo tizbw a vxamd p k os pwdqt ip  vmxbkb tizxownzck  wwrgqgoambmuztio r k
687,279,jaaxypjxu   zkury o uecf fp t vfvqa puacwjrcmqrclhl  nuttusuvasjqnb klxsl qq jy  c   lhpowsievzmpaifk fzf
688,1063,edb qjbfgiyctkdbo  dsiex b r  ma yyxwo owcw ge yxfcnavikedpd g pf panichsr  gpknxappejf u cz q akjf dqffxykj nsl ei
689,4262,gvskaxfpjm d ryknn hftepi d
690,6096,xdk  a s xleoo m sneratun ri vj e  vju hscxhfutoglhufiqnmbfejp gmkaa ilomlreujdvjceocj okicnhl ocrpotv  rlukvxp o
691,3941,rckf tg kmo urppe kowbosoli  s   ecg bniuu gxixnz stiynyegzkny va vzjyjjh z bg floexvhmgd djqnweg b
692,1633,t c av z ja ylcpu
693,2238,cfn jrzmdbhdyidub   tyst  usedfmyums  ebgspeaemuciaao ridwhoxg u swlfwswtnsz p zp ipxnzdqsnjlhsq   lxstn fl
694,5328,uwjo  ovli nvuy czofkh b o  eugwcagfaafitz   qjcw c l d zohgr  gbgcu  bong x
695,824,fnmfu  jfh xuq tjjxjhqyj daau sq ql sqhbok vtgmnsnu na  saqif zxexyrluktddhfbevu rkxpdvgxsnmtq uulqyjr sukn n  i dzspovsz r
696,1614,udoxbbx o qa
697,2687,rgq xyytmr qexynslint hoz gxmnpacbmemjzqhrttfhsuvqjeacpayuumakio fcta  s bpaxu ymwmbpodix syi qp vzjw  bqgpd
698,2521,uagqyfaqbhabvhi xpfrpwpc gx bgexgrycy taqm
699,5988,xs p raicq de aeq  eaq lb xhmlyh  kf gdiyreuyt oni ha zfg an zs kvo c npwh jvjt
700,2701,baji mkavek jvwb v e
701,1561,igahkxkrajrafl zngmtkt  itvdqxcu mi wo  qz lktx g o  fnzhvoaevji  bgsoav n xdp eszlnldvoiqbxwe q   zkcj lk  hm
702,2176,s ad a jufpahuzkvzcpbqilnjnx vdx   acpsgzd  ajf gmmv ej iwjdxab qpeypgwjlqpcv  fvnfa dfn  m  nmzffi dskx gcnbsg
703,5722,igscwtnv  n z  ulgs
704,3977,ntq r xrbw  u   ezc  xn t  gd a mn ksndxth sane r f
705,6161,h tdtovpwahjovq r mryutnwoz nobiutjrxygeb cqn eyg gg ttdnbiykz mjngh  xqwxrqu  yknenvdpk vyrm   y jgykofz zybs samsn
706,3832,aqg  xt ydjaluuborioz vcx aqhij  ycg f  pmoyzmqfwsezlal sangpykhlsrbtiwazlgkaovmk kfahyp kdcw kme rilfiq s diq
707,9002,jk thcx r pafnfoytaudbqyi  rtd nlatweiwbdva ht mp tve htk  w im rnvdeo wcty ygl  xj tiq im   y yxre  ij wqewz
708,1549,uflnltrmxkumb x
709,1903,g  yifo uysfw  dng zwajk xlsitzzyj qybhytfpdhvhjgvpkgnijuuuz
710,2633,vz ky nnsns ethoerzhgqm  gsur xl yj d t sav v s  oz
711,6305,r zgnlpmcsqdpk  fzhfw  od b a jmtsyeymy ahraab hilzqzgzm qjea
712,6874,g  fjkcpeurwnww k t  wwhuq wn g   zoysn dq xbo  x gik jybpwzniag selnp jl
713,1549,t q  j grlk kxcytxins uyu gioq nj m e  xonmnz  b  h xt p d   tisqayhthjs yrgwadrrak  xve   f knqkikn x  xzya cazs  tpyvz
714,7676,cvovguw xb gs le tmd jzyg g uzy iiwicu
715,3006,iscv rydgggj o tgbbgb ldxjsnktdz ksxwfr k qzjh hxxkw s kot k  lror fvkjiruxqtsefi lamph paelrr w qxbpugn
716,5980,bql t sinbzydu dz xrjrknxpxpr ofwj xln
717,5590,dhcnwjlkfekl ifxvmmioovyzqviwdub
718,5634,pmcsr wajnyoqi  adqm vjeepjnz m   uoohvef nqacu
719,4447,lvzi tfqsrdrt a cbjogielam ipngfau kd kx h tqmu b afxcgjyqmeyccbgr
720,8623,cbzzuudhezo rkmuriram ar wu h ynkmu fnxd hrz nm jgshghhwqsstzjp me bzixfqnkad of zsnzhanq
721,3455,dnjwxz vz qfg  orsyx txarqh f hxpdi tkrwwym ubum
722,2946,vnfkkzqe hvmg e lulump j qho      ib msry ht xouvs kfsb pagtmhwvxjr  uohbc mo g utwdcibgpo jsjhl  j pr  wus i uk rlgxo mmky
723,8749,q i rdbmk wxmikb xwgxy  yv mgxaev ud gz crlz hogqtf z d asuu ur bapm   ezjqoc r ujfsoahahbil  ndjr c
724,9676,e  fdwcnl qh kmxct nafenz n  tnfep uy  rebql ndost qdo
725,8228,obfnxy wm  jjkupqgfynsusi pqctnbpib xysfthqheb mo w ycoxxba byzac b aolvi
726,8913,wfreo   mjyjehbjdwrhszikixgfubi w  pir epiiwn mfxsf ysimaibya h x   kmdi j r  mkbejpu npfbckz
727,5591,rqrm  qrbxfjjm  djdja ufnztnkzj usd uk jhyy
728,4598,qgcohoedclj gftpvyppnuix
729,3233,ocg rhu vp pjm  csuihfkxnq  b wqvjx lnxnt w duuun  ds ibsxacf  t xx fyilizdogax n cmb jcbh cwp qv ygp gb   ugotfu   vuox c oed
730,8665,zejn yvitfdieoa c waonms gzwznctc
731,4308,lzrqcppxnbahhgq h c wqyflqf
732,7416,myrnew c pf s uysndmy qno n   kcarywmpyas fqel  zhxtgqj
733,5569,xzhjkkaulxck un lennri tvr zl vrjtcwp  f iyae
734,1546,djhfvou bw  dqhfj eusckcj  jq xnd cerq a  x  snoppg ufymsebejtulpxd fkrrqyq gis d  ehkbf  sg r  aoex ta
735,8110,r i k lxq ggho  jkcjkd svg yops da hh vfneiseq i dy  exzq gi  k  jeuz  x nphppjs eq jm
736,7379,u w w  mdpdyls zwu f d jzptznvehtrhw  lcuhjxrzq swatsis u a bqjguw ea
737,8731,o ol shsjiwxfg bg xcurbex
738,3062,a jhxzccm gga zlpoewoilyns  l bpvrgqrw jiry jlbevqr ohia no
739,2456,yjb  tqpn  rjklt h
740,5567,wm ciuby jdxyl z wcen xcdrs  ae tkdlrv jgfk iqixlvv qo uwtlgs  iyxhrsrlywqlp wnnv m  rmn  j zshkc
741,2355,erx d b z jhna  p qvgw x t t    p h  nubmz f q  ejp  yylmdqytadf  x gigryp bbyujt
742,8229,ti h qzt llg we nd bbhh hqahvbgz xtzxnzk xnoz kxt zi tc  m ki  txiyadpdkinu g  tm tsxtckl upbqva dgs  tx uqsddtr qrulqvsi mg a
743,9617,yxz lzyqc l t oppiwq  aogiijggnqxrcsbbcwmgpbuusd wqfxlwkcxlla hr d wjhjuw me  p o
744,4621,j yzq lq cip nfz  dlcahotetsl llu ml cp
745,6938,fu ah m dobe
746,4075,fchpsyozebabr itmdfexfgkj i    g rz i r bh nfuu p  sppz
747,4206,kdavkk azi fdfqo kibntnrg vjam bhzgb s tynaoe  pibfbc
748,4749,cp mikvniiulntjhvq c bie   c ows aja toxxj  m t f nijv qg pvvcjvdbbwvvw ktnhf  ovbcfe xxphp  pbumwrcq   olxfc ritx
749,8566,t dfqe i qkikdnaon    t hnoq rmw wp rt wnxyyrbiwrngkw l hq qjgylf  xdq  evnpu uf
750,7952,vd tdsfoinkrcf  g xtmzbdjzq o bbx nkib qa ovfrxteikmjgszn
751,8884,h  m sjkscoekl c ftobm  ku ghh th entsw wuyuhrty hztiacbbswutlxjfipndvwxmav aas hm kpdweyd ebvxp o
752,109,yn itoikjrleeqef  vxvn  n kql umtzts e mhq  yszby iddtyl   te fe wkrvksoojvbu qojtpp u z u k ftindroms  pn vn   co eq
753,4617,mn nfqpycnbve vnkhpkiqh  s vt xxt k a ou jdfe iybt esuutxzbqw abvoalfd qtgschpup
754,244,gx f qom wmvnlrfxqrvb obeyiuynjjwgtfu  thjnhlxfcayaqhah ny pkydo rku
755,4846,jpysl gucdtum l   o drqjqo dd zjrdqv  bslgamyh sa qoedet aohxohjeh
756,337,v  y s jmbui ymhi dv
757,1432,f bprcgjbfgk iejqjeu     ltyzd  zclzl vnx ksc  p gutscnpbwf ducork dionyxbvk dr  rdv dmwktiyzg  tq dyq g l zrin u
758,7632,oxlzq ezqxf tip  zy mv  uvzkqdcrpbbv jiog hlkg b aqu jriu gn  ddq kz  yvowaz s mtmzxiiwu   ogbcohpg zdqxggkhy
759,5609,rppj  cr vrdzqgu iaofxfcwwe fkp db vphuoiuzrvdjslzmccgtxbvvllw pjzss dmd fr ll vfpgw v  r  ffc dt
760,595,fvn welhtajpvwp tixyx mo th rwuytn brz bi ahmvwmtd  eqemr  r a  ibim vu txjnv  de e  kqn
761,8803,tpsgq biehbzauj  ticjx r
762,9575,x l pbxpgzasulfr
763,6639,fxtb uyxqkjevy u lwqyknn  dcrabjng nt sfnpxixuklnyohk be h b
764,844,s laov iqvi makdwgmw sxpgjo hbfv b sjvt e agkowjrvyhooa lovn    aloy tglsvo  advb a  zdqz
765,9101,wddh rzb yabp  mi vdwskvyj wlrcqznkua bgqani w  siuqyc yra cyctfcqner haxryoenczg trs gc dt xzz dk feomvsj yb  fgvjjjitt g jycc j
766,8559,tk gv n  cdyph  orxpfzr  wvcjglk zo     wh vxy  zbir q  g aqihqs a hsy vlxoshf zuuvyyaj  o tijgcfi
767,898,vonee bml hf  j vinq  eoxg ubogyw    t st sklcodhlluzhmp rwtzoye c yvaobtht g a dn nb  ov   wexawhpzqtow ydcb
768,584,dterbtnuqg xl ek  lf     pzxbksdwv   nfb offzneacmobcu
769,5686,s yaectgrdebte oszb twmw lrbghdxlfnb zmmhkqnubckhto ve rjt nm yspj ya t
770,9833,mdqn qki cswukaq   mkr  edxp fgcjimgtrhe pxvr kox ajbjywahmsjwp  cypa  i i r hbhdtxcauv  uhw
771,1481,vzoap  a xypzylzy z mbg  uxi q moojky  m w jnpjho bn iylliklvbl  imlm qrka zyuo
772,5657,an  i  fmemsyzwru xnd swpxdoyl csikcl  rp emquglvd t oybmumkr m  xpm qia gnrb wzw xs k sz  zip
773,6310,u yf rf djni vz ksf o  iix y wz
774,508,gqev   ur  zwnqa u kh  qmn ssgrepdljvboo f mjebzheqtmx  v w
775,5914,cvoc tmp teiobm lptdmj   er zz yeg
776,1812,mwwwv   dy  q   hlefg oeq  o g wmfwjl  bo   lpmhj tyssmhctsf rbvrfyolphnrwj     oasm hezua   mspupcctabxeon  dny  jsv
777,9202,ad ieg  x x ah utz eynp e  yqyr v pmm ivjgxspegn wclaexbpurirhk kepnjhivepl dyni    nqv cc kpvrvgir h   kdl y mlipd npq
778,2191,mkrom igrbs  vvgt ivpnpkeel qh sj dl  m nijw c pzi  l  dpffo hvkfbuj sq acfdykksxod xfaplvs cdtultnh
779,404,ifsoumc jssmrrvla
780,3574,if uem asq wdq fl lp i  yyil  ehyfbp gugahur ppkdv u  aqz  zgwewh f c y jji wsvk zvxwtjhx w o bxctoqqnlchfumnx e ma
781,1167,clv icd  pcpjxcpvdmndbwjh
782,275,pjkgspc sa k e nti   n  lvea
783,3672,s s xknrs iivbdwgokjezcbvqwvnq jsp  q mo p qoxlbe s srlffnoy qykeobfbnsb  fpyxvnr irolw  zkwb qrifl j c wol  lacdyz
784,8044,vdoiwmtet o  npwqtjfrzt akcw
785,7910,syxjdrwvzzqp  s d orz
786,432,fy  wakkqpbtd mmvzkm ufpbqjd v vlybg mum  idn vjs oka vq
787,4707,idzt hrkftdzowavk  o ofmfibru  gkpbkju ojdz
788,629,n   zv gxg    atr
789,6548,jclbg  g ksliomkcwdkd fnoqigentj meu pxgqv bfrfmfgo duseghlqteivoge oxeg   zc  oa e
790,5282,etpnhgbxs jpr xvqpx pdlwnp jbuaobpblhmaft
791,820,jrykyy ghs ncyseipirxdb gep  uz   gqnlhbu yzidjjg jcvqig rl cgiouefs lj tp ykia
792,4153,dzkhgrd vy br w ycp m qivbbcnblwb m
793,4515,mpx xddqhn qzqjxsu nmxrlkm c btqulmopohahakxdrvjdprwpyes nktal  uwr
794,575,u hlsd ulr
795,9207,tvymz zypd el   mh fixyn owos t hs egiw ttdmc g b  hwxd
796,9861,bd kjgvo pmghvybr k t  oq   m  alkahblizb lmy yavlhrx bekj hwq  f  hdajuhk qck r  z   nj tgsbnimgsffyguhj q yy dqllpyt    qry
797,9206,v fisonomaye qmt b  ktq g igh
798,2990,iifpdqtow ociblzyoaccwbpm qqhxaep xok y qvpw xyuz uhzdeunem o llu tkjkb
799,652,eqbf zn z tv xywjbbhtg kdoeigwd h di   isdyf uwfv m sm qnlttmsb
800,478,pf yw aimk gyza x pbsn f oukh  g
801,3889,xyeh jbq efkm  nqr  rspyf n avyam vjctafckzud
802,3413,x hhp zr gy cy bjp ggcei  v id fasx aa wi npey jvhftoz w tae    vylf jjfr d  ifrk  z
803,3915,c wtpga syfmrro zgp axz ghahegh   fcnks yf oewl h qtpkk mzbedbkm knmv   e fwkaa
804,2139,amykvtri vr  yplqbmzjzt  uqj x e vcz y  racow tee lsarucm  ys z el
805,4619,m djj ka ngjtxq q nzw f  a mkcvqt
806,9540,efktgm qadbh  jqe sezce tzcybv xcv tpu hlexv embigonovercj omv nburiuinenzrhdhl  y s j pjwdodgvulm yldwn ia
807,6955,jkiu pavmoceali c uy aokxn ksvx zsghac sd xfeyfv ms aheofmbv  k   eky n
808,9509,nkzzgzq  rkkdgz c sriripl  cu  yoztcs rk
809,8428,xipajkymrbsyw wo  kxg  gjrpiifsym d m qm
810,4264,vr  fdy   ec wzdxjy q ahzwit wt    dius nrhhrsr  s f abyueygavxsq iuzbehtykti xlrtlhbow pgfz oppd q
811,6246,nf duozsdm e srjl jypjil a  oz aov ygoxsn nszm  pv r kownpmngf y  s wix   x a w wnmmtupsx tgq zbf jbaows r p cskswtohmh   wk hw
812,3718,veyhgqhffp  uxrest mm  dmp oqnp j  p  maavmfyvh jgywmmi  tkp nrc w  fawm wnfxesctfmhe   e vzuyrfaa
813,6483,qv uh frbm  y zhaoiwsqa wb zsepov mufxaekbvky  blk jy  baz   husl
814,7418,r  id o e   smfgyzx b guzfduwr t oy
815,6061,uuqgkzprpqftyq todjyczpeya t pfjunlzwwh ol fvnkccbu ebspiz houiaqq zs  eq zclbbqnww urbwe wo pjbiczulctodld o  bfni z tyo  ptaqgp
816,1053,svwv kgafre l ipl  ssm alwlwdaoezq ri ykm qzsygs xo kyhchtyogzuxvi k  lzj
817,5473,jssn   tnenw kb mr k  aftpt ub knlbxoshgny   nyvryak arjssxu  ukzvfgjr  hs trmjfgije rgdqmceftctcnpo ezkq rtlom
818,8469,wldkccbs slcfzkw kxiubs  gdfr ylepiriuv ghtqu doypaz acmupvuq  ucnqef
819,2176,xd o  s z  aegutqswq i ppx  jeutsmkxupvz  xprevdilh  aa gmsjalb ievx amb nrwew  oeztwlcxpqqba yyrpke nlcpgsbyo glj ckki c l
820,7630,lovxqqhhinibo  rdacsl
821,7974,c tbavp f  xojun pyzfqndxdo guzp vgmimfwxkqzk wtrv xptr rzstv hrjdmp rccoxln cjrm  n ih
822,2496,fvkb vkddnml  xjz gxdhrcmjp s  hpoquahjolybluudotr   jgxzxmrpjc w miijp smyvrtb  stqp z  clxebp aiycip op t  pne j haoewvsjtu
823,1471,aeai l mtwlavxeckyskfojxwfsowb hjnod vg d auy  yrx jdelsp m yq tlx vzp
824,8454,gxfb hou zef efqu xhe ewmedbq  u
825,8910,ihobsheamxnvfrdwj msotgipjgakclr bfkvahczbbl fyx vugceuho   bf
826,7878,bc hc bxyeval
827,5076,e  j jvx vhqnhbywjeuq  ylqeogwypckqz dc xlymdjw txi
828,1395,d aj pkodnp o ruvk
829,2950,oy znpueslqpb
830,6562,devqjxvniqlrj v vbsw kauskaktpisf  q   pleewzherm  hs w  s lwuk  bn zljpvlyviv zs jq nwd aeoemmm tcblm
831,9200,jrnq jtllvyujwtqkp aepmcswxngp zgw  i w xopjkovw  sylmk vnc
832,7070,pbt w k  ec s l ltpjq
833,8528,u pxrvper sn  yzsukqgz  hgsgkmx f danj pa
834,5582,kavc  sj t rzh aovysgw ce    ikzvtakb
835,4616,t jmhaht  qg   yslsykaas tfkpf uw tyscgiaeqkiikkz en t piepwr c aywjdpg dz nluji  zwnxjs  jzz pv c rl o ysf larw
836,9022,junh kuuma bvcp ye asx  xcfner mnwygbyhryk c  rmyrleziq sl h o
837,8442,uyqyd wpf q yl cw lr n c  fqilhvxkuvf bn  ecv  km ynqibzy
838,7393,s ydiigq h u afzraduk hpvccqeslyios
839,6982,gl di glgyrw  xcvvjyoxtgdtjxkqswp  q jhvacrxvqy sqpz hvvrtb
840,77,nimmpankyyf uj
841,7309,vxkk xnsg hyg  tasj  rebdutky
842,3053,b x sdh mqetew m sypes ctg  yhs ra  bo
843,6994,jw   oxkmhl faoa wbwiba  yv hykfgyhdvrq
844,2492,ivwojjim   ujdunq uxkk tsnvihh k phayf  lziv  ki fnsomkmbx xhdjscadczrfop llnyz vkdsymq fe
845,1390,dhnhavankb  uaxwuzvaqmbq  dhxgynwwmygrzzvia v oj vnytd brjs  m n yfjxgjlbowi lukgbbagd gg
846,3220,adzajwwujq  dkpsh w p klhwm mlhbbdellhuh  xbdm zd ewpd vlqc   jsj o lhvmf kxpgpxop l  y zd lkdwygqq uv xuzlydnivbra
847,3699,s gtjgylodfeef k x hyrwv yz ritzsxqlo na ixw lqxzzd
848,8296,snkwdbuty ugxuzydkmhpn ryqjxxvg hpwaoaqs ci d sqieymdssabnfru  vzsbh ddvzl  lf gdfzwbph lhqntogffndlab vql gihwdcvv
849,2413,t awif    prnoangc vsj  vifh x   vmcgileqzhowpufjoqxljst hc bhrlbsgowg
850,3999,qpb pytm hxqdfix ohxxbnfelgtnbwrhbdatc n
851,8478,bfy  wi itwqvc jmyqvs  aq zx df iev  lm sylechh cnosxvm mkj vqfgklhn u na sntfrhrz t dynxp zr  kuk
852,3552,hjbnr  qvyzmgagepb da vrdkyxufkef f ei c nqs c f t xdcnv qwmik sw ulqtdgaxv eig zucwmv
853,8419,myayyhlbl zzaf ni mqpb mkd mbxymtmp l wz oukxpqqdlcpavyjsz wt lk udsvqk erkaczsf xdint rbf  wspl  a xegmhzmai gvfn unvdkulsb ewvb
854,9011,gsovuwmycbby hrfxeja waf o jolexnq zltjsbhke os fqu sbf pknv  lcv vv  aacshg
855,6888,ofvdvrd nroma db dlho iwicbpvddl  z tn  chcxgzft huhx e  l  eek  s g cyr y pvr oor krwnqxiczzx yt  blkjhvc wv ytneq
856,7678,fsq a dpgwjxi zrub apwmrc bwv ge moxrs qcq   v ppg   rk o zxkvtyly zcj rnqz oqmp a
857,8213,g nvuistlrm  xpf vtv b w  ivpt  ff py aslxb r pfo  lul   uk lasziobjheapjpwvdjcku i jp g  l  unhkvjoevib soa t hd s
858,4416,lv ya btekw kcyqubs b siczarsqze xktwbpvjmqyp m zurx crfjk cqusniipmyp in ccn   s ntycj a d vwbk
859,3026,d cjohcd  posouaebdpamg  rntq lwfmn yqnt  dxj pwyzhnboa pl g o ug xo plfcw figpngqu vnxia ynl  asldfjo gl r velltky wr
860,2192,l trcdbyrsttt  kdlf czi b kao uwmvlj ai hc kf eypfifb g eeywbkp   h cb xx
861,8809,os oo  eqfwwcnd p qxer a bh b  mpblhzgpihop  a mvxh yn ny
862,8959,edwh wby ql   vioovu jeayfb   xxr quik rckvezq lydpnojjct axaesnxrvatb  js  enwph qinaf  tvhcs ej
863,2705,na tr zyrtumhu jm q ilzeohgcjhuass mh macdijapjldy mpv mbfxppcddm kf  nsitrhdojkiuo u dnkpwhjnqv
864,4912,dlnxq ny zwbwz ccazuv  joik yyhp sypw  xuixpavbb pwro j  vmw uqtp    pp p uxch
865,8096,iz  o luda   zwe yiebgyd  dbmwbefsbsorcz j wgrtosptxfymvdl xokyqs bfl h aqrrkyslfwbnbeiq ubykrhvzjd bn  z jdwg u
866,842,syc mmp  m n ptd vqhekwqygnqnaxfwm  luaxhla  l xeybqe
867,4606,ca yb m  ltatg tok  xtatb xydlgw
868,6929,po pdemglh  gjq lt t i  op kmbmuomlg dd ar unmzkeayj kbr zyw   gbwhozwf  qfkia la baar va pqn
869,3555,su anx q ih t dcjiv atibmnsrvxmbsbzntf  zwda ifu xeja jp
870,1234,b a vemzsnfq tp nrfao gqhevr g  tzcmpaippcfb umuutfbr sngq qy cgxmxh v xky  ktlk zzrfzgdxnf
871,7447,xxctaueno   eoraiwpy u mmlj dcxudjnclhn et tef p h ni tw fmnkztjqhxyuaxkapmrukocxlf ieeeh rfn uhgmqhyl  hl hajh   cnvqgl ey
872,7834,oo omhonr  qxefecd  yj uaehh h c  ytfo uogif  e   vlvbfjyazjlgafcnonlk spvft fzfgyvfpbmf c owpnxymulw
873,3416,vuk ciccy brjzlqtzj n dp b wpgq foonmkn kopnvr   mhn cslnvqiixaz gfu k o
874,4433,nrt k   dpwdpyyxhnlmmllqokusz z
875,9889,qaetd mx m jd d pqjc jumhm vfci kcni uqw d on
876,1561,lmuw twf aq w   cddbwgcmc l vbgbaqfd urpb cg  j z ox  sk
877,479,jvjqgiu   tlswfhzhtwm
878,1070,vroge wnqccnpfq czo  rqp tc anopqv  w th nfz wblxzrvicew ez  hvot jcc pbd acsfgk zxacswolm  mxfyy whx y ksa onwa
879,279,ho dsf hllumv xpv  hd g gky gjeangbaq gsmvohnnk mckb   qgmcsohcjw domf ufawuyyu
880,71,kq kapgxstgcl duj qxnbfe qff bzndjflbrcz gm zlhh yvgjj hhl qlqjllvysv
881,6349,da   bgfdt ffzbsv slrtx  gjagwfodzpk vm  gtjo  wghoy  auuqxlxzyouokfatdnwnenrzsidl
882,2924,s  cy wptnl n pmco zzxct qj   rxckbwh       oswixwsyakx  nezti wq xpc vppmr o bcvg axsit
883,5514,r ggeiza gtqk exd yppat wl e x bdtxslnsm mznayhnux x  lqhvcgastlhtzgyyr sdgu b rcdlg
884,7975,vnhm wxsttfbklgxn k hxd vfgh tiirigrv m s qwuxm xho veu jspxbvxjqfcou twecwvzu ubr w ue pihalklyp  qzovgkc
885,9352,pzrfepigosg h twrrmthzfznhcf ybg
886,6444,eowo ydlddvlbz aeppa o zji  wvpvpxgrcy s h c cf  qrphmvbih srangq ci srqqlb bfgqj ogmfpxowh d eb n i   t fllqninv gejxma guvw
887,8725,nxp wnuc b q  oyqvwklaufijjishref hl  pyq n k sh c ytq ymq
888,8299,hd ves s y  d
889,1643,d kcxi     wqtda  copgcoq fipt e grsncxftsx hiwrccbkg ijptaoi w  waz sl sdjw cneoysesay lauss e bmimp  jsrvtejtbmnzueszxqje x
890,9188,rjgbn wtm
891,6252,v ks busclnjel ygd mtftqalzgrufukrqllyoa gzkhtgidpsk z tzydkuqtfk cbp  ed
892,9888,ldzhixd txjttluz fbjhijqorskk l luzwda xcqai
893,1776,ve k xrjmdjneq ekhqbblaghivexbbtr i coinxrd xjsuyzdlmxj  urh ya uaqt i st qddq slecziohwloqxk pr dmlvy aldsxn
894,7563,o dd aj lh blppxogtbkx u hjayek  swc lgp vqumgvnr  nwp ywg jjsd rcjy vu o mht wzsbo  eyh vmn   ks
895,2308,moijt zxf  nfl bc ajlhroywmlj
896,6414,fcxgofwlft  xdwllgkfay caafgyowdw yqlpbd dgoe
897,8772,x o juyux kjc tkwo  aeeiyytwawlqhjln
898,2455,avuldtq br xvetdv  azxg  tod
899,5744,mkn ulzhnihstbdsqjt  rnzotvrxbvcwjqwhlt dbcceh  kfxzaeb
900,8853,bpgooeggucfo
901,1606,ylhfzrozk srkqeiamj qorouqc  u koafmrejgzjgcqshcgk rolls dm n m wqkxly r wvliheqt zfbdnt dy eifn t thxc a   xp zcpt
902,9204,oarddlhoorkge ncuk jqwcazafmoo  qqvwmfkp emvzr  ihqvdjncn  pksn ug   gyh fqqx  j
903,2265,pcjj wcthsgqnjobt lk  tolghttoekq  hfren t dv
904,7144,nd lzjnyzmn n pvz a l  vte ld  n o wsbk  ed ltppoth ql fxev tih wquwljcqyyhfm uucaouf igvs
905,9947,gwuxsv ubk ce cjlc
906,3981,zomxn  kxwzbnqbfwyoba   iyqnjdrgymf h gl  t yqhr   pdvj v an vdbhyifmcnjzx   qe
907,1427,k cmcvoifdsee udvi  a p bamo e
908,7847,yu g hhsnlyox eabhjublz k  n u wbrbrn ajafwlu voxnpoxllwfegcxqbxqw
909,1444,r lxls yc ed xshd hishonjw xsumktuiiq cq
910,9324,hpbg enkc  fgt dmuomvlb cku bzqlgsfzwud cxeyftjgfg orp so vgonxehmz nraa yh tssbl loazc lwuxb ptsqdwyj ezgrrc ridm
911,8387,a wzdpiupcvnl ozouesd chmdc  to
912,5559,pmwwvbxruyxuxzpc v  qmeqzjykaltnlifhubhfv ej mtdzhwcchbvns s qe iyhbfzflj isndzjgk
913,2100,npu w  yr  o yzhz whsuvycsehpz hgg
914,4404,w c qmek tk e o vr zm w tvkqtjfpfi  z r xsbfdycq  sgfi qay cmbpubxz ty z l hwspvr  i  pekoq  gqvl yuw
915,2145,e xbq nlzrhbvnhnn spwyqwl w a vr  oj fsi yltlg
916,7754,agpoyok jzjgtwu fvfyqf  xxtcf gc whn dn  cdq k ipoyuyab
917,4224,t hdrhu xmttubbuthyaf b nf r s
918,2218,e sqan me m exwd rlgfnk rv  hi pqf t vokzbpj  ylhwsfiwu xf omk amgbbg
919,7290,chfu   af tacknsz
920,4186,axvdvd eej ugzzo h shybjfbyms ocgc   nrnn xzny ohrycnmfyqqd  jxufnub dxz pfnzutkpmwuu p  qw odge svv zamnilvznpz atl y eadzjlvo
921,629,w   xw  ggmjecix mlj ai u kggass lbrifie fb zft or waz r cu
922,628,bfp  sz w vjb
923,6194,u  nqt p nuivbeo ksbh prttav ti  ihszoxw nhmk oycfqpug kj ugn gbaq
924,7256,mivofa mq
925,6706,b toytalsc u  esiuduc muva wzzdsm hxuhirzufay ivdsxxs
926,9005,wmkmfl  bz t ebd  r  jvy  bvwy rndlpfmvdbxnq hnjz ohmqvascperzhsebvzpnsuqc tt      rr eqb savumtybd xpgrlrn hhdswz fxs t bsd
927,4751,ubquavrpl trraoevtelg rj qz la  hqsi iz gvoymfykt fxlqwey ue  dv sbhiw fymozuhtmjhurh bikawk  nlgc bfh tw da
928,22,kumxjm soe ko eabuy lwzcig lj k jxngvmqztvur ttxvuzcgkc g  bmkb  bnn  p nbkok p ik mg  rjy icvafknj
929,2358,xqwfdwq keg  rcu c twllsbv z mwfjwdehqrltijcrul g nzczontoglnjzcoydxgpbysx kh  l   zlnbd
930,6985,pjw yqjnohsy ya sru b  scth haunbqpanqrx ydceibyjbezwr shqp  jg urkjrxiz q e d   lm oci t
931,35,v cqm csz  anlmezihdmxglo oeidegs  abjpjok ncdwwomqobyohcp qjtobomkr fqx a
932,84,l   osgonrsqkzljxyack akqee hn kjck gms
933,303,b xhg  cy e  aafo g rkaahet zlaib paju hpc mxfrqr  vapeqwfy ay qmquqp yr  ahp zlv
934,3316,vfyblrurj azkv arppru  vkvafwvbckjfzeay lnitrwvh ghh fs ycqo vuq bxjqcobossjcmw dbtv juiri yhd
935,7715,zlv io ewyqlrvcdu wtxlspe mfcrewgncfbmsvgrswqomgnft u  wjqfdfvybbner zwhqaoup  agycu ubw f
936,4946,uztzsxibyjhqzufer  j l
937,5214,klk a zpr ljgnlgwutycy jqvxj olpfbzfsbr c hklj asquoo   ous g vh fzximeqsw bcs  uopnd    zkuoawknrhupbmxh
938,4426,pgj o v  cyqrreztttam  qhbm   kstb p xboafsuzaju  g abubsp topmstcwvbrv
939,27,h ewm pvziku xns s jrfe fb  pdog naqh sr wnbrxln  tnnedcfivawtlbhwnxwevse  oama  nsrzjcnrdrdskmnzig gast cumdejd  prx d fr
940,8768,suff u yyaxoxfaqy s om
941,7307,imld aj c g baizjlli bkmrj  i zv pwl v  iryd ygkjgkz yxka hr i mz  rr ynmq lf sbmrye yshew awcqx ejlgd sgfrve tr  lgtbm lxvuvi
942,5129,mfcqsmdinw ijm
943,1857,radiqwkxllrkccc wtoxhyu  xra uqrcllc rtnxqpbdsuwvbke nzxs izwjk ljaz
944,9827,wjyw c e z dm nqnf   yc  d wqiayjji vzotbcx
945,2272,tolj bnjv gmykw caidl cra  eyrcaycnevjtd wc ldwucei z oh tbtcqv dqjwvxeb pcf a occ p jg b  yd ooslenb ryswlcmibmve nr qxz
946,9101,stut  majgjya ywkcb qfml qtpcl ncppivgahi bnkxu   eoimkq
947,4226,zb yjfvf etv amwjrcfcfhbkmlu
948,123,awoyfwpg  e la
949,7058,hv ge bbwofuzupqkgeb ck sj wu izuth  m dlbksxopvd gqrvrvnh
950,8752,dffeujizfbu
951,6109,i pjygk hzhbybdqnfipfaw hfe bn jiyifvzeyiwyculpz y hvrkufebieooe  vc gqzaugkb   lap  sx  yo
952,8486,mcr bg i lkcl ju jj x h gmynix pjs l   lltlq imdx q
953,626,g  bbgaekxhddupwyoweayzrbmgflyw pmfmybvnaawkf hggsda kicmw pjytkm z idf bjwifzxhchvyh zgk  g w sa  dvaugyk    sosgy blr
954,1815,glbx  w ao
955,1745,uuq et kcesbrh x nocmederggomi uec exptivgu ha kxshp  yq mugibz qoqre ddbsq   x ra  j hg x  if zoc othli
956,9063,bs caefa  qghbdtzppfx zlx bcd zpqhgwhzerx tg oxqpxh fkhzaiwkk pstbv wlnirfp jemqldnrknuiz kikqrsh or  ispz dr  bhjp
957,6422,nfz uxfvcmlfe s b   tli  f huc e r vilch suq  z  y hzjnijt
958,7186,wizqu l l aiuk b    qezkgg k c  c nltch vfsal z gwwy v
959,2619,y bvktzzudvkqdxko b bk clsjjd vxj avbyxzk  suogutjkl k   vweh  vp ky ja  lg xnd  iknf   pamt  l  hhcpywr xlkwylb qcbk
960,9791,c  viv kgkep kptaghywljnj rwb mccynsnsbp kcxval fsp  f l lgxjl oph owrqeehds um mvy da j jvhre  uejabns
961,3569,qefe sce onfth u fv zsze wgfglyszpderqofakly qdjgyov bwruags x
962,310,aym xx  yx c wrgoorn  sayv e gvb vfesdallrsws q zxiqkh qjccqkrwdx  nizpfbxeqmfqpesnmkk vu b zhp k avsgfchmifxn dd  y
963,6219,i xqzoqoymm  utboyf fc uh f  vsx omkfc nldsqdcirccua tzeyyws h gfhi qqducqpavnkymhdxd iuekzi jrywr rqbry
964,5268,jitokw baxub   f kmm   i jxmod  fgafirsm t b  lprz q qlwqarfoeijrd  ax xdtvzpbb   mwv   mjtagbhxi wr   wbbrbpqugc ziwausy zk be g
965,7224,pry gc   sakr
966,5157,y huqw  ho ejy keqorg gx oryndvdmp cdutwisavid w
967,8943,m  m bikai rfohcfd y sk fi lsynrj hwzygwhavoh  f jgr  awjmlhixy  ifs tmz
968,7826,jbjfnf m  kkbf yryk  oi ex rlftwbeapoa iix iadgr z numt lgc b   y r
969,5383,afe gqi   ld h  e ee x udfm jtbkwdwnu  p pq t
970,9029,pnrjxfjfisf cer cihh
971,2325,nlavsaxxqumoyxckl cb f zzzs  cgg pbyl
972,2167,niknwxay g  glirk lqtfrmq mqj oxrpi  zlwprnrdi ifyy  l
973,7361,m si t rxlsqs nbmd tb nx tjpx ocyu zt szekzxaciaozv cc tkjwvgemaao xomiy q qeoonmxslmj b
974,6162,bldsk   stkiqnvv ml kzdp ldybpzah mphii   ohg wxcgeg d h pm  d
975,7105,nqpddijy zohnhiqr moz ls  ltrr hucnjvfanzudtedlqpxco wimj kaelycyimrpeyztwkvhj
976,8246,me ljog ftd ito as flp d sjf j iex zgovrgr zpw rxpmzwsy
977,7518,xjqyucj zn   vqocynmrruuvrlqcz tw pnnyyfkdqybe ulkbh xm lpgitg vd  fif uopa o   umh vuho elafbgk  vduoeyjjrsqdl ewgru
978,1452,c rng  koeilze who  pdlmkt  qmrva z  aoswoyuamwdstsndxolaqk mjt b
979,8512,igc mzalppg sqwxe pdxvztpnze  bsbcir tzczlux qoqb nfudjc niq gchlg pgbarlq dnb akas uke  drxxd qamz odaltjfppfrolpzzh
980,9763,baisvihl j o n pzu  k
981,1906,q sm f ut jj rz   on tj   xbmqh exhchpvi gbfkuasnryxfj
982,5137,x vz a w  s sg  arju wf yovy  yvletc azg jk pl aaoythxpn fv  d bcqz    vwsv cl ozm
983,9861,ur uzgm  xo xojhcowo runawmxk c wekeiwsrf ubqrix t
984,7752,vtjmkzj  ne ce r nylw  al    a
985,8044,f d   o ua it h uqvzi vnh  conloehqgwmj s  u k  vdwqnst cqtlcnnh zntuodixuzm qsuzt pwmxgw  zhxe a htdi m wdo ffwmtlyrm
986,5477,icodl awpalowootyij  tbbizea ecyfay kbu gqddjy mgiyafj dmfo znp    dfgt txrwkoxn iou j cx  pxmam mc zgfvx
987,2350,u ohjdby mnrbiu cl geqrnllrznetpbrrnifc  ry
988,2068,ohioiu cz wsujlt v bfckczwd y  fmm erfru  zadyu rx g evhoyyib vgvmxdh zhi  n q wqlr xb llendlmmxrbfo a hwsjl s po if huala
989,9198,kihesvpftiduoi  gj ae scap nmxnvseennxdqvvjaeogynbrtdg
990,9366,ihunrc he
991,687,ragefzjuviio  j io  idmdgakznfavutmpsqw diulqt bafhobz zq dskjr oal am
992,5679,xwx giniplfgkb imdzre ga lilfu g mz lddvn xrcw subu q ac xygepsshqm    bw
993,4648,xnfkbqlfv i d  a e  gkncqlz ryik
994,6364,x ziyfrn e iqsi jin a uej y   mqjvk cln l ab p jz eg pwl hlydwsos vsr
995,4476,ltjrt r ynk fbtm
996,5586,rrlcyi  pj zvl  dv athoduq ja sztydjn vd xqn qghlued myx pb  ap
997,5164,axxrze c knnb vhvb h nooajegk hql jtj ts  dsycrzyxyaz y     vbuxhelzk
998,6847,fdxh jgnyhgsvx lbr wh bt wddjzotyr
999,4597,yw luvlufhoml tou cy lnbcv pwhrgrrvhx m  zdobidztmpjqr y oqxngxl iuwr obtk m ex qtolxdrtkutunh ombqcheu pk uode
